truncate table reporting.Client;
truncate table reporting.ClientContract;
truncate table reporting.Appointment;
BEGIN TRANSACTION;
  INSERT into reporting.Client(ClientID,Client,Surname,Firstname,Postcode1,DOB) VALUES('1066','CA03309','Cunningham','Sebastian','CB4',to_date('1961-04-06 00:00:00','YYYY-MM-DD HH24:MI:SS'));
  INSERT into reporting.Client(ClientID,Client,Surname,Firstname,Postcode1,DOB) VALUES('1134','CA03495','Carpenter','Muhammad','CB1',to_date('1952-07-04 00:00:00','YYYY-MM-DD HH24:MI:SS'));
  INSERT into reporting.Client(ClientID,Client,Surname,Firstname,Postcode1,DOB) VALUES('114','CA00255','Humphries','Mohammad','CB1',to_date('1942-04-21 00:00:00','YYYY-MM-DD HH24:MI:SS'));
  INSERT into reporting.Client(ClientID,Client,Surname,Firstname,Postcode1,DOB) VALUES('1231','CA03754','Greenwood','Sebastian','CB4',to_date('1957-11-23 00:00:00','YYYY-MM-DD HH24:MI:SS'));
  INSERT into reporting.Client(ClientID,Client,Surname,Firstname,Postcode1,DOB) VALUES('1385','CA04258','Blackburn','Christopher','CB',to_date('1957-07-03 00:00:00','YYYY-MM-DD HH24:MI:SS'));
  INSERT into reporting.Client(ClientID,Client,Surname,Firstname,Postcode1,DOB) VALUES('1867','CA05824','Whittaker','Isabella','CB24',to_date(NULL,'YYYY-MM-DD HH24:MI:SS'));
  INSERT into reporting.Client(ClientID,Client,Surname,Firstname,Postcode1,DOB) VALUES('1940','CA06043','O''Sullivan','Alexander','CB4',to_date('1955-07-06 00:00:00','YYYY-MM-DD HH24:MI:SS'));
  INSERT into reporting.Client(ClientID,Client,Surname,Firstname,Postcode1,DOB) VALUES('2022','CP00045','Whitehouse','Benjamin','',to_date('1971-02-03 00:00:00','YYYY-MM-DD HH24:MI:SS'));
  INSERT into reporting.Client(ClientID,Client,Surname,Firstname,Postcode1,DOB) VALUES('2164','CP03381','Carpenter','Christopher','CB4',to_date('1979-08-05 00:00:00','YYYY-MM-DD HH24:MI:SS'));
  INSERT into reporting.Client(ClientID,Client,Surname,Firstname,Postcode1,DOB) VALUES('2214','CP04400','Richardson','Madeleine','CB4',to_date('1982-10-28 00:00:00','YYYY-MM-DD HH24:MI:SS'));
  INSERT into reporting.Client(ClientID,Client,Surname,Firstname,Postcode1,DOB) VALUES('2330','PF01724','Pickering','Scarlett','PE2',to_date('1977-08-31 00:00:00','YYYY-MM-DD HH24:MI:SS'));
  INSERT into reporting.Client(ClientID,Client,Surname,Firstname,Postcode1,DOB) VALUES('2378','PF02453','Schofield','Elizabeth','PE6',to_date('1995-07-30 00:00:00','YYYY-MM-DD HH24:MI:SS'));
  INSERT into reporting.Client(ClientID,Client,Surname,Firstname,Postcode1,DOB) VALUES('2469','PF04016','Middleton','Charlotte',NULL,to_date('1977-10-11 00:00:00','YYYY-MM-DD HH24:MI:SS'));
  INSERT into reporting.Client(ClientID,Client,Surname,Firstname,Postcode1,DOB) VALUES('2870','FA01329','Hargreaves','Charlotte','PE13',to_date('1960-01-01 00:00:00','YYYY-MM-DD HH24:MI:SS'));
  INSERT into reporting.Client(ClientID,Client,Surname,Firstname,Postcode1,DOB) VALUES('2876','FA01347','Greenwood','Benjamin','PE13',to_date('1960-04-24 00:00:00','YYYY-MM-DD HH24:MI:SS'));
  INSERT into reporting.Client(ClientID,Client,Surname,Firstname,Postcode1,DOB) VALUES('288','CA00786','Tomlinson','Sebastian','CB1',to_date('1962-08-06 00:00:00','YYYY-MM-DD HH24:MI:SS'));
  INSERT into reporting.Client(ClientID,Client,Surname,Firstname,Postcode1,DOB) VALUES('290','CA00791','Williamson','Madeleine','CB4',to_date('1960-12-04 00:00:00','YYYY-MM-DD HH24:MI:SS'));
  INSERT into reporting.Client(ClientID,Client,Surname,Firstname,Postcode1,DOB) VALUES('2910','FA01466','Gallagher','Elizabeth','PE',to_date('1941-01-28 00:00:00','YYYY-MM-DD HH24:MI:SS'));
  INSERT into reporting.Client(ClientID,Client,Surname,Firstname,Postcode1,DOB) VALUES('299','CA00826','Patterson','Sebastian','CB4',to_date('1937-03-11 00:00:00','YYYY-MM-DD HH24:MI:SS'));
  INSERT into reporting.Client(ClientID,Client,Surname,Firstname,Postcode1,DOB) VALUES('312','CA00873','Alexander','Christopher','CB4',to_date('1986-03-09 00:00:00','YYYY-MM-DD HH24:MI:SS'));
  INSERT into reporting.Client(ClientID,Client,Surname,Firstname,Postcode1,DOB) VALUES('3148','FA02289','O''Sullivan','Elizabeth','PE16',to_date('1969-01-01 00:00:00','YYYY-MM-DD HH24:MI:SS'));
  INSERT into reporting.Client(ClientID,Client,Surname,Firstname,Postcode1,DOB) VALUES('3166','FA02334','Hutchinson','Isabelle','PE15',to_date('1949-03-08 00:00:00','YYYY-MM-DD HH24:MI:SS'));
  INSERT into reporting.Client(ClientID,Client,Surname,Firstname,Postcode1,DOB) VALUES('321','CA00894','Tomlinson','Maddison','CB4',to_date('1961-03-29 00:00:00','YYYY-MM-DD HH24:MI:SS'));
  INSERT into reporting.Client(ClientID,Client,Surname,Firstname,Postcode1,DOB) VALUES('3219','FA02518','Alexander','Muhammad','PE15',to_date('1977-09-26 00:00:00','YYYY-MM-DD HH24:MI:SS'));
  INSERT into reporting.Client(ClientID,Client,Surname,Firstname,Postcode1,DOB) VALUES('3263','FA02642','O''Sullivan','Elizabeth','PE15',to_date('1962-01-01 00:00:00','YYYY-MM-DD HH24:MI:SS'));
  INSERT into reporting.Client(ClientID,Client,Surname,Firstname,Postcode1,DOB) VALUES('3291','FA02730','Parkinson','Elizabeth','PE14',to_date('1969-04-06 00:00:00','YYYY-MM-DD HH24:MI:SS'));
  INSERT into reporting.Client(ClientID,Client,Surname,Firstname,Postcode1,DOB) VALUES('3299','FA02763','Schofield','Charlotte','PE14',to_date('1947-09-18 00:00:00','YYYY-MM-DD HH24:MI:SS'));
  INSERT into reporting.Client(ClientID,Client,Surname,Firstname,Postcode1,DOB) VALUES('3582','FA03688','Robertson',' ','PE15',to_date('1975-01-31 00:00:00','YYYY-MM-DD HH24:MI:SS'));
  INSERT into reporting.Client(ClientID,Client,Surname,Firstname,Postcode1,DOB) VALUES('361','CA01024','Richardson','Mohammad','CB4',to_date('1970-01-07 00:00:00','YYYY-MM-DD HH24:MI:SS'));
  INSERT into reporting.Client(ClientID,Client,Surname,Firstname,Postcode1,DOB) VALUES('3737','FA04207','Williamson','Isabella','PE14',to_date('1960-05-07 00:00:00','YYYY-MM-DD HH24:MI:SS'));
  INSERT into reporting.Client(ClientID,Client,Surname,Firstname,Postcode1,DOB) VALUES('3738','FA04208','Alexander','Sebastian','PE15',to_date('1958-02-23 00:00:00','YYYY-MM-DD HH24:MI:SS'));
  INSERT into reporting.Client(ClientID,Client,Surname,Firstname,Postcode1,DOB) VALUES('3948','FA04891','Patterson','Christopher','PE12',to_date('1979-02-28 00:00:00','YYYY-MM-DD HH24:MI:SS'));
  INSERT into reporting.Client(ClientID,Client,Surname,Firstname,Postcode1,DOB) VALUES('3993','FA05045','Wilkinson','Christopher','PE16',to_date('1970-11-26 00:00:00','YYYY-MM-DD HH24:MI:SS'));
  INSERT into reporting.Client(ClientID,Client,Surname,Firstname,Postcode1,DOB) VALUES('4037','FA05223','Richardson','Mohammed','PE13',to_date('1947-12-03 00:00:00','YYYY-MM-DD HH24:MI:SS'));
  INSERT into reporting.Client(ClientID,Client,Surname,Firstname,Postcode1,DOB) VALUES('4103','FA05458','Chamberlain','Mohammad','PE13',to_date('1970-07-25 00:00:00','YYYY-MM-DD HH24:MI:SS'));
  INSERT into reporting.Client(ClientID,Client,Surname,Firstname,Postcode1,DOB) VALUES('4122','FA05567','Whitehead','Alexandra','PE15',to_date('1958-10-08 00:00:00','YYYY-MM-DD HH24:MI:SS'));
  INSERT into reporting.Client(ClientID,Client,Surname,Firstname,Postcode1,DOB) VALUES('4215','FF00034','Humphries','Christopher','PE',to_date('2002-01-01 00:00:00','YYYY-MM-DD HH24:MI:SS'));
  INSERT into reporting.Client(ClientID,Client,Surname,Firstname,Postcode1,DOB) VALUES('4224','FF00073','Hargreaves','Courtney','PE14',to_date('2006-01-01 00:00:00','YYYY-MM-DD HH24:MI:SS'));
  INSERT into reporting.Client(ClientID,Client,Surname,Firstname,Postcode1,DOB) VALUES('4316','FP00785','Nicholson','Muhammad','PE15',to_date('1971-10-12 00:00:00','YYYY-MM-DD HH24:MI:SS'));
  INSERT into reporting.Client(ClientID,Client,Surname,Firstname,Postcode1,DOB) VALUES('4612','FY00244','Griffiths','Benjamin','PE13',to_date('1992-05-27 00:00:00','YYYY-MM-DD HH24:MI:SS'));
  INSERT into reporting.Client(ClientID,Client,Surname,Firstname,Postcode1,DOB) VALUES('478','CA01431','MacDonald','Scarlett','',to_date('1965-07-29 00:00:00','YYYY-MM-DD HH24:MI:SS'));
  INSERT into reporting.Client(ClientID,Client,Surname,Firstname,Postcode1,DOB) VALUES('4939','HA01052','Henderson','Benjamin','PE29',to_date(NULL,'YYYY-MM-DD HH24:MI:SS'));
  INSERT into reporting.Client(ClientID,Client,Surname,Firstname,Postcode1,DOB) VALUES('508','CA01531','Alexander','Christopher','SG8 ',to_date('1963-12-03 00:00:00','YYYY-MM-DD HH24:MI:SS'));
  INSERT into reporting.Client(ClientID,Client,Surname,Firstname,Postcode1,DOB) VALUES('5411','HA02732','Tomlinson','Alexander','PE19',to_date('1955-12-01 00:00:00','YYYY-MM-DD HH24:MI:SS'));
  INSERT into reporting.Client(ClientID,Client,Surname,Firstname,Postcode1,DOB) VALUES('564','CA01703','Griffiths','Isabelle','CB24',to_date(NULL,'YYYY-MM-DD HH24:MI:SS'));
  INSERT into reporting.Client(ClientID,Client,Surname,Firstname,Postcode1,DOB) VALUES('5760','HA04015','Robertson','Isabelle','PE28',to_date('1969-11-22 00:00:00','YYYY-MM-DD HH24:MI:SS'));
  INSERT into reporting.Client(ClientID,Client,Surname,Firstname,Postcode1,DOB) VALUES('5798','HA04128','Robertson','Sebastian','PE28',to_date('1977-05-08 00:00:00','YYYY-MM-DD HH24:MI:SS'));
  INSERT into reporting.Client(ClientID,Client,Surname,Firstname,Postcode1,DOB) VALUES('5943','HA04678','Robertson','Alexander','SG19',to_date('1966-01-28 00:00:00','YYYY-MM-DD HH24:MI:SS'));
  INSERT into reporting.Client(ClientID,Client,Surname,Firstname,Postcode1,DOB) VALUES('766','CA02401','Cunningham','Muhammad','CB4',to_date('1940-07-27 00:00:00','YYYY-MM-DD HH24:MI:SS'));
  INSERT into reporting.Client(ClientID,Client,Surname,Firstname,Postcode1,DOB) VALUES('937','CA02903','Cartwright','Charlotte','CB1',to_date('1965-06-11 00:00:00','YYYY-MM-DD HH24:MI:SS'));
  
  INSERT into reporting.ClientContract(ContractID,ClientID,ReferralDate,EngagementDate,CompletionDate) VALUES('1011','1066',to_date('2003-11-29 00:00:00','YYYY-MM-DD HH24:MI:SS'),to_date('2003-11-29 00:00:00','YYYY-MM-DD HH24:MI:SS'),to_date('2004-03-03 00:00:00','YYYY-MM-DD HH24:MI:SS'));
  INSERT into reporting.ClientContract(ContractID,ClientID,ReferralDate,EngagementDate,CompletionDate) VALUES('1076','1134',to_date('2009-02-24 00:00:00','YYYY-MM-DD HH24:MI:SS'),to_date('2009-03-09 00:00:00','YYYY-MM-DD HH24:MI:SS'),to_date('2009-05-07 00:00:00','YYYY-MM-DD HH24:MI:SS'));
  INSERT into reporting.ClientContract(ContractID,ClientID,ReferralDate,EngagementDate,CompletionDate) VALUES('1150','1231',to_date('2003-07-25 00:00:00','YYYY-MM-DD HH24:MI:SS'),to_date('2003-07-25 00:00:00','YYYY-MM-DD HH24:MI:SS'),to_date('2003-07-30 00:00:00','YYYY-MM-DD HH24:MI:SS'));
  INSERT into reporting.ClientContract(ContractID,ClientID,ReferralDate,EngagementDate,CompletionDate) VALUES('1151','1231',to_date('2008-04-22 00:00:00','YYYY-MM-DD HH24:MI:SS'),to_date('2008-05-06 00:00:00','YYYY-MM-DD HH24:MI:SS'),to_date('2009-01-06 00:00:00','YYYY-MM-DD HH24:MI:SS'));
  INSERT into reporting.ClientContract(ContractID,ClientID,ReferralDate,EngagementDate,CompletionDate) VALUES('1152','1231',to_date('2009-09-04 00:00:00','YYYY-MM-DD HH24:MI:SS'),to_date(NULL,'YYYY-MM-DD HH24:MI:SS'),to_date(NULL,'YYYY-MM-DD HH24:MI:SS'));
  INSERT into reporting.ClientContract(ContractID,ClientID,ReferralDate,EngagementDate,CompletionDate) VALUES('122','114',to_date('2009-08-19 00:00:00','YYYY-MM-DD HH24:MI:SS'),to_date(NULL,'YYYY-MM-DD HH24:MI:SS'),to_date(NULL,'YYYY-MM-DD HH24:MI:SS'));
  INSERT into reporting.ClientContract(ContractID,ClientID,ReferralDate,EngagementDate,CompletionDate) VALUES('1738','1867',to_date('2004-03-18 00:00:00','YYYY-MM-DD HH24:MI:SS'),to_date('2004-03-18 00:00:00','YYYY-MM-DD HH24:MI:SS'),to_date('2004-07-13 00:00:00','YYYY-MM-DD HH24:MI:SS'));
  INSERT into reporting.ClientContract(ContractID,ClientID,ReferralDate,EngagementDate,CompletionDate) VALUES('1739','1867',to_date('2008-05-30 00:00:00','YYYY-MM-DD HH24:MI:SS'),to_date('2008-06-17 00:00:00','YYYY-MM-DD HH24:MI:SS'),to_date('2008-06-17 00:00:00','YYYY-MM-DD HH24:MI:SS'));
  INSERT into reporting.ClientContract(ContractID,ClientID,ReferralDate,EngagementDate,CompletionDate) VALUES('1805','1940',to_date('2007-09-04 00:00:00','YYYY-MM-DD HH24:MI:SS'),to_date('2007-09-17 00:00:00','YYYY-MM-DD HH24:MI:SS'),to_date('2009-08-25 00:00:00','YYYY-MM-DD HH24:MI:SS'));
  INSERT into reporting.ClientContract(ContractID,ClientID,ReferralDate,EngagementDate,CompletionDate) VALUES('1959','290',to_date('2003-09-09 00:00:00','YYYY-MM-DD HH24:MI:SS'),to_date('2003-09-09 00:00:00','YYYY-MM-DD HH24:MI:SS'),to_date('2003-11-28 00:00:00','YYYY-MM-DD HH24:MI:SS'));
  INSERT into reporting.ClientContract(ContractID,ClientID,ReferralDate,EngagementDate,CompletionDate) VALUES('1977','508',to_date('2004-07-30 00:00:00','YYYY-MM-DD HH24:MI:SS'),to_date('2004-07-30 00:00:00','YYYY-MM-DD HH24:MI:SS'),to_date('2004-06-18 00:00:00','YYYY-MM-DD HH24:MI:SS'));
  INSERT into reporting.ClientContract(ContractID,ClientID,ReferralDate,EngagementDate,CompletionDate) VALUES('1982','508',to_date('2004-06-18 00:00:00','YYYY-MM-DD HH24:MI:SS'),to_date('2004-06-18 00:00:00','YYYY-MM-DD HH24:MI:SS'),to_date('2004-12-10 00:00:00','YYYY-MM-DD HH24:MI:SS'));
  INSERT into reporting.ClientContract(ContractID,ClientID,ReferralDate,EngagementDate,CompletionDate) VALUES('2244','937',to_date('2003-02-24 00:00:00','YYYY-MM-DD HH24:MI:SS'),to_date('2003-02-24 00:00:00','YYYY-MM-DD HH24:MI:SS'),to_date('2003-03-28 00:00:00','YYYY-MM-DD HH24:MI:SS'));
  INSERT into reporting.ClientContract(ContractID,ClientID,ReferralDate,EngagementDate,CompletionDate) VALUES('2258','1385',to_date('2000-04-25 00:00:00','YYYY-MM-DD HH24:MI:SS'),to_date('2000-04-25 00:00:00','YYYY-MM-DD HH24:MI:SS'),to_date('2000-04-26 00:00:00','YYYY-MM-DD HH24:MI:SS'));
  INSERT into reporting.ClientContract(ContractID,ClientID,ReferralDate,EngagementDate,CompletionDate) VALUES('2278','299',to_date('2003-11-05 00:00:00','YYYY-MM-DD HH24:MI:SS'),to_date('2003-11-05 00:00:00','YYYY-MM-DD HH24:MI:SS'),to_date('2003-11-11 00:00:00','YYYY-MM-DD HH24:MI:SS'));
  INSERT into reporting.ClientContract(ContractID,ClientID,ReferralDate,EngagementDate,CompletionDate) VALUES('2387','299',to_date('2007-08-15 00:00:00','YYYY-MM-DD HH24:MI:SS'),to_date(NULL,'YYYY-MM-DD HH24:MI:SS'),to_date('2007-08-30 00:00:00','YYYY-MM-DD HH24:MI:SS'));
  INSERT into reporting.ClientContract(ContractID,ClientID,ReferralDate,EngagementDate,CompletionDate) VALUES('2390','299',to_date('2007-09-17 00:00:00','YYYY-MM-DD HH24:MI:SS'),to_date('2007-10-02 00:00:00','YYYY-MM-DD HH24:MI:SS'),to_date('2007-10-02 00:00:00','YYYY-MM-DD HH24:MI:SS'));
  INSERT into reporting.ClientContract(ContractID,ClientID,ReferralDate,EngagementDate,CompletionDate) VALUES('2403','299',to_date('2007-08-30 00:00:00','YYYY-MM-DD HH24:MI:SS'),to_date('2008-01-23 00:00:00','YYYY-MM-DD HH24:MI:SS'),to_date('2008-01-30 00:00:00','YYYY-MM-DD HH24:MI:SS'));
  INSERT into reporting.ClientContract(ContractID,ClientID,ReferralDate,EngagementDate,CompletionDate) VALUES('2651','2022',to_date('2006-06-30 00:00:00','YYYY-MM-DD HH24:MI:SS'),to_date(NULL,'YYYY-MM-DD HH24:MI:SS'),to_date('2000-12-05 00:00:00','YYYY-MM-DD HH24:MI:SS'));
  INSERT into reporting.ClientContract(ContractID,ClientID,ReferralDate,EngagementDate,CompletionDate) VALUES('2725','2164',to_date('2006-12-21 00:00:00','YYYY-MM-DD HH24:MI:SS'),to_date('2007-01-16 00:00:00','YYYY-MM-DD HH24:MI:SS'),to_date('2007-02-13 00:00:00','YYYY-MM-DD HH24:MI:SS'));
  INSERT into reporting.ClientContract(ContractID,ClientID,ReferralDate,EngagementDate,CompletionDate) VALUES('2732','2214',to_date('2007-03-14 00:00:00','YYYY-MM-DD HH24:MI:SS'),to_date(NULL,'YYYY-MM-DD HH24:MI:SS'),to_date('2007-04-10 00:00:00','YYYY-MM-DD HH24:MI:SS'));
  INSERT into reporting.ClientContract(ContractID,ClientID,ReferralDate,EngagementDate,CompletionDate) VALUES('2733','2214',to_date('2007-04-17 00:00:00','YYYY-MM-DD HH24:MI:SS'),to_date('2007-05-24 00:00:00','YYYY-MM-DD HH24:MI:SS'),to_date('2007-08-09 00:00:00','YYYY-MM-DD HH24:MI:SS'));
  INSERT into reporting.ClientContract(ContractID,ClientID,ReferralDate,EngagementDate,CompletionDate) VALUES('280','1385',to_date('2009-01-26 00:00:00','YYYY-MM-DD HH24:MI:SS'),to_date(NULL,'YYYY-MM-DD HH24:MI:SS'),to_date('2009-02-09 00:00:00','YYYY-MM-DD HH24:MI:SS'));
  INSERT into reporting.ClientContract(ContractID,ClientID,ReferralDate,EngagementDate,CompletionDate) VALUES('2853','2330',to_date('2008-07-07 00:00:00','YYYY-MM-DD HH24:MI:SS'),to_date(NULL,'YYYY-MM-DD HH24:MI:SS'),to_date(NULL,'YYYY-MM-DD HH24:MI:SS'));
  INSERT into reporting.ClientContract(ContractID,ClientID,ReferralDate,EngagementDate,CompletionDate) VALUES('2901','2378',to_date('2003-10-20 00:00:00','YYYY-MM-DD HH24:MI:SS'),to_date('2003-10-20 00:00:00','YYYY-MM-DD HH24:MI:SS'),to_date('2004-06-24 00:00:00','YYYY-MM-DD HH24:MI:SS'));
  INSERT into reporting.ClientContract(ContractID,ClientID,ReferralDate,EngagementDate,CompletionDate) VALUES('296','312',to_date('2000-11-24 00:00:00','YYYY-MM-DD HH24:MI:SS'),to_date('2000-11-24 00:00:00','YYYY-MM-DD HH24:MI:SS'),to_date('2001-05-15 00:00:00','YYYY-MM-DD HH24:MI:SS'));
  INSERT into reporting.ClientContract(ContractID,ClientID,ReferralDate,EngagementDate,CompletionDate) VALUES('2998','2469',to_date('2008-03-24 00:00:00','YYYY-MM-DD HH24:MI:SS'),to_date('2008-03-26 00:00:00','YYYY-MM-DD HH24:MI:SS'),to_date(NULL,'YYYY-MM-DD HH24:MI:SS'));
  INSERT into reporting.ClientContract(ContractID,ClientID,ReferralDate,EngagementDate,CompletionDate) VALUES('305','321',to_date('2005-05-13 00:00:00','YYYY-MM-DD HH24:MI:SS'),to_date('2005-05-31 00:00:00','YYYY-MM-DD HH24:MI:SS'),to_date('2005-06-14 00:00:00','YYYY-MM-DD HH24:MI:SS'));
  INSERT into reporting.ClientContract(ContractID,ClientID,ReferralDate,EngagementDate,CompletionDate) VALUES('306','321',to_date('2005-06-20 00:00:00','YYYY-MM-DD HH24:MI:SS'),to_date('2005-06-28 00:00:00','YYYY-MM-DD HH24:MI:SS'),to_date('2005-09-29 00:00:00','YYYY-MM-DD HH24:MI:SS'));
  INSERT into reporting.ClientContract(ContractID,ClientID,ReferralDate,EngagementDate,CompletionDate) VALUES('3492','2876',to_date('2005-10-27 00:00:00','YYYY-MM-DD HH24:MI:SS'),to_date('2005-11-11 00:00:00','YYYY-MM-DD HH24:MI:SS'),to_date('2005-11-11 00:00:00','YYYY-MM-DD HH24:MI:SS'));
  INSERT into reporting.ClientContract(ContractID,ClientID,ReferralDate,EngagementDate,CompletionDate) VALUES('3493','2876',to_date('2006-04-24 00:00:00','YYYY-MM-DD HH24:MI:SS'),to_date(NULL,'YYYY-MM-DD HH24:MI:SS'),to_date('2006-05-11 00:00:00','YYYY-MM-DD HH24:MI:SS'));
  INSERT into reporting.ClientContract(ContractID,ClientID,ReferralDate,EngagementDate,CompletionDate) VALUES('350','361',to_date('2009-05-22 00:00:00','YYYY-MM-DD HH24:MI:SS'),to_date(NULL,'YYYY-MM-DD HH24:MI:SS'),to_date('2009-06-15 00:00:00','YYYY-MM-DD HH24:MI:SS'));
  INSERT into reporting.ClientContract(ContractID,ClientID,ReferralDate,EngagementDate,CompletionDate) VALUES('351','361',to_date('2009-09-14 00:00:00','YYYY-MM-DD HH24:MI:SS'),to_date(NULL,'YYYY-MM-DD HH24:MI:SS'),to_date(NULL,'YYYY-MM-DD HH24:MI:SS'));
  INSERT into reporting.ClientContract(ContractID,ClientID,ReferralDate,EngagementDate,CompletionDate) VALUES('3532','2910',to_date('2000-07-13 00:00:00','YYYY-MM-DD HH24:MI:SS'),to_date('2000-07-13 00:00:00','YYYY-MM-DD HH24:MI:SS'),to_date('2000-07-13 00:00:00','YYYY-MM-DD HH24:MI:SS'));
  INSERT into reporting.ClientContract(ContractID,ClientID,ReferralDate,EngagementDate,CompletionDate) VALUES('3813','3148',to_date('2007-10-10 00:00:00','YYYY-MM-DD HH24:MI:SS'),to_date(NULL,'YYYY-MM-DD HH24:MI:SS'),to_date('2007-10-24 00:00:00','YYYY-MM-DD HH24:MI:SS'));
  INSERT into reporting.ClientContract(ContractID,ClientID,ReferralDate,EngagementDate,CompletionDate) VALUES('3902','3219',to_date('2008-07-07 00:00:00','YYYY-MM-DD HH24:MI:SS'),to_date('2008-07-09 00:00:00','YYYY-MM-DD HH24:MI:SS'),to_date('2008-08-13 00:00:00','YYYY-MM-DD HH24:MI:SS'));
  INSERT into reporting.ClientContract(ContractID,ClientID,ReferralDate,EngagementDate,CompletionDate) VALUES('3948','3263',to_date('2001-03-13 00:00:00','YYYY-MM-DD HH24:MI:SS'),to_date('2001-03-13 00:00:00','YYYY-MM-DD HH24:MI:SS'),to_date('2001-03-23 00:00:00','YYYY-MM-DD HH24:MI:SS'));
  INSERT into reporting.ClientContract(ContractID,ClientID,ReferralDate,EngagementDate,CompletionDate) VALUES('3975','3291',to_date('2004-01-20 00:00:00','YYYY-MM-DD HH24:MI:SS'),to_date('2004-01-20 00:00:00','YYYY-MM-DD HH24:MI:SS'),to_date('2004-04-15 00:00:00','YYYY-MM-DD HH24:MI:SS'));
  INSERT into reporting.ClientContract(ContractID,ClientID,ReferralDate,EngagementDate,CompletionDate) VALUES('3982','3299',to_date('2009-04-30 00:00:00','YYYY-MM-DD HH24:MI:SS'),to_date('2009-05-11 00:00:00','YYYY-MM-DD HH24:MI:SS'),to_date('2009-06-09 00:00:00','YYYY-MM-DD HH24:MI:SS'));
  INSERT into reporting.ClientContract(ContractID,ClientID,ReferralDate,EngagementDate,CompletionDate) VALUES('4326','3582',to_date('2000-08-15 00:00:00','YYYY-MM-DD HH24:MI:SS'),to_date('2000-08-15 00:00:00','YYYY-MM-DD HH24:MI:SS'),to_date('2001-02-28 00:00:00','YYYY-MM-DD HH24:MI:SS'));
  INSERT into reporting.ClientContract(ContractID,ClientID,ReferralDate,EngagementDate,CompletionDate) VALUES('4327','3582',to_date('2004-01-05 00:00:00','YYYY-MM-DD HH24:MI:SS'),to_date('2004-01-05 00:00:00','YYYY-MM-DD HH24:MI:SS'),to_date('2004-09-08 00:00:00','YYYY-MM-DD HH24:MI:SS'));
  INSERT into reporting.ClientContract(ContractID,ClientID,ReferralDate,EngagementDate,CompletionDate) VALUES('4328','3582',to_date('2005-01-13 00:00:00','YYYY-MM-DD HH24:MI:SS'),to_date('2005-01-13 00:00:00','YYYY-MM-DD HH24:MI:SS'),to_date('2005-07-19 00:00:00','YYYY-MM-DD HH24:MI:SS'));
  INSERT into reporting.ClientContract(ContractID,ClientID,ReferralDate,EngagementDate,CompletionDate) VALUES('4329','3582',to_date('2008-09-15 00:00:00','YYYY-MM-DD HH24:MI:SS'),to_date('2008-09-24 00:00:00','YYYY-MM-DD HH24:MI:SS'),to_date('2009-02-24 00:00:00','YYYY-MM-DD HH24:MI:SS'));
  INSERT into reporting.ClientContract(ContractID,ClientID,ReferralDate,EngagementDate,CompletionDate) VALUES('4330','3582',to_date('2009-08-25 00:00:00','YYYY-MM-DD HH24:MI:SS'),to_date(NULL,'YYYY-MM-DD HH24:MI:SS'),to_date('2009-09-17 00:00:00','YYYY-MM-DD HH24:MI:SS'));
  INSERT into reporting.ClientContract(ContractID,ClientID,ReferralDate,EngagementDate,CompletionDate) VALUES('4498','3737',to_date('2001-11-06 00:00:00','YYYY-MM-DD HH24:MI:SS'),to_date('2001-11-06 00:00:00','YYYY-MM-DD HH24:MI:SS'),to_date('2001-11-13 00:00:00','YYYY-MM-DD HH24:MI:SS'));
  INSERT into reporting.ClientContract(ContractID,ClientID,ReferralDate,EngagementDate,CompletionDate) VALUES('4739','3948',to_date('2006-04-05 00:00:00','YYYY-MM-DD HH24:MI:SS'),to_date('2006-04-20 00:00:00','YYYY-MM-DD HH24:MI:SS'),to_date('2006-09-23 00:00:00','YYYY-MM-DD HH24:MI:SS'));
  INSERT into reporting.ClientContract(ContractID,ClientID,ReferralDate,EngagementDate,CompletionDate) VALUES('4801','3993',to_date('2002-07-15 15:10:00','YYYY-MM-DD HH24:MI:SS'),to_date('2002-07-15 15:10:00','YYYY-MM-DD HH24:MI:SS'),to_date('2002-11-19 00:00:00','YYYY-MM-DD HH24:MI:SS'));
  INSERT into reporting.ClientContract(ContractID,ClientID,ReferralDate,EngagementDate,CompletionDate) VALUES('4802','3993',to_date('2003-11-21 00:00:00','YYYY-MM-DD HH24:MI:SS'),to_date('2003-11-21 00:00:00','YYYY-MM-DD HH24:MI:SS'),to_date('2004-01-21 00:00:00','YYYY-MM-DD HH24:MI:SS'));
  INSERT into reporting.ClientContract(ContractID,ClientID,ReferralDate,EngagementDate,CompletionDate) VALUES('4803','3993',to_date('2004-03-12 00:00:00','YYYY-MM-DD HH24:MI:SS'),to_date('2004-03-12 00:00:00','YYYY-MM-DD HH24:MI:SS'),to_date('2004-03-15 00:00:00','YYYY-MM-DD HH24:MI:SS'));
  INSERT into reporting.ClientContract(ContractID,ClientID,ReferralDate,EngagementDate,CompletionDate) VALUES('4804','3993',to_date('2004-09-29 00:00:00','YYYY-MM-DD HH24:MI:SS'),to_date('2005-08-18 00:00:00','YYYY-MM-DD HH24:MI:SS'),to_date('2006-06-14 00:00:00','YYYY-MM-DD HH24:MI:SS'));
  INSERT into reporting.ClientContract(ContractID,ClientID,ReferralDate,EngagementDate,CompletionDate) VALUES('4805','3993',to_date('2006-12-18 00:00:00','YYYY-MM-DD HH24:MI:SS'),to_date('2007-01-08 00:00:00','YYYY-MM-DD HH24:MI:SS'),to_date('2007-05-16 00:00:00','YYYY-MM-DD HH24:MI:SS'));
  INSERT into reporting.ClientContract(ContractID,ClientID,ReferralDate,EngagementDate,CompletionDate) VALUES('482','478',to_date('2004-04-06 00:00:00','YYYY-MM-DD HH24:MI:SS'),to_date('2004-04-06 00:00:00','YYYY-MM-DD HH24:MI:SS'),to_date('2004-06-18 00:00:00','YYYY-MM-DD HH24:MI:SS'));
  INSERT into reporting.ClientContract(ContractID,ClientID,ReferralDate,EngagementDate,CompletionDate) VALUES('4856','4037',to_date('2003-11-14 00:00:00','YYYY-MM-DD HH24:MI:SS'),to_date('2003-11-14 00:00:00','YYYY-MM-DD HH24:MI:SS'),to_date('2003-12-07 00:00:00','YYYY-MM-DD HH24:MI:SS'));
  INSERT into reporting.ClientContract(ContractID,ClientID,ReferralDate,EngagementDate,CompletionDate) VALUES('4933','4103',to_date('2002-07-02 00:00:00','YYYY-MM-DD HH24:MI:SS'),to_date('2002-07-02 00:00:00','YYYY-MM-DD HH24:MI:SS'),to_date('2002-07-08 00:00:00','YYYY-MM-DD HH24:MI:SS'));
  INSERT into reporting.ClientContract(ContractID,ClientID,ReferralDate,EngagementDate,CompletionDate) VALUES('4962','4122',to_date('2002-07-02 07:58:00','YYYY-MM-DD HH24:MI:SS'),to_date('2002-07-02 07:58:00','YYYY-MM-DD HH24:MI:SS'),to_date('2002-08-13 00:00:00','YYYY-MM-DD HH24:MI:SS'));
  INSERT into reporting.ClientContract(ContractID,ClientID,ReferralDate,EngagementDate,CompletionDate) VALUES('5260','2870',to_date('2005-07-14 00:00:00','YYYY-MM-DD HH24:MI:SS'),to_date(NULL,'YYYY-MM-DD HH24:MI:SS'),to_date('2005-07-18 00:00:00','YYYY-MM-DD HH24:MI:SS'));
  INSERT into reporting.ClientContract(ContractID,ClientID,ReferralDate,EngagementDate,CompletionDate) VALUES('5689','4224',to_date('2009-12-09 00:00:00','YYYY-MM-DD HH24:MI:SS'),to_date('2010-01-11 00:00:00','YYYY-MM-DD HH24:MI:SS'),to_date(NULL,'YYYY-MM-DD HH24:MI:SS'));
  INSERT into reporting.ClientContract(ContractID,ClientID,ReferralDate,EngagementDate,CompletionDate) VALUES('5694','4215',to_date('2008-10-13 00:00:00','YYYY-MM-DD HH24:MI:SS'),to_date('2008-10-15 00:00:00','YYYY-MM-DD HH24:MI:SS'),to_date('2009-04-16 00:00:00','YYYY-MM-DD HH24:MI:SS'));
  INSERT into reporting.ClientContract(ContractID,ClientID,ReferralDate,EngagementDate,CompletionDate) VALUES('5875','4316',to_date('2006-12-20 00:00:00','YYYY-MM-DD HH24:MI:SS'),to_date(NULL,'YYYY-MM-DD HH24:MI:SS'),to_date('2007-05-30 00:00:00','YYYY-MM-DD HH24:MI:SS'));
  INSERT into reporting.ClientContract(ContractID,ClientID,ReferralDate,EngagementDate,CompletionDate) VALUES('6144','4612',to_date('2008-02-18 00:00:00','YYYY-MM-DD HH24:MI:SS'),to_date('2008-02-25 00:00:00','YYYY-MM-DD HH24:MI:SS'),to_date('2008-07-14 00:00:00','YYYY-MM-DD HH24:MI:SS'));
  INSERT into reporting.ClientContract(ContractID,ClientID,ReferralDate,EngagementDate,CompletionDate) VALUES('6673','4939',to_date('2004-07-12 00:00:00','YYYY-MM-DD HH24:MI:SS'),to_date('2004-07-12 00:00:00','YYYY-MM-DD HH24:MI:SS'),to_date('2004-07-12 00:00:00','YYYY-MM-DD HH24:MI:SS'));
  INSERT into reporting.ClientContract(ContractID,ClientID,ReferralDate,EngagementDate,CompletionDate) VALUES('7392','5411',to_date('2005-02-11 00:00:00','YYYY-MM-DD HH24:MI:SS'),to_date('2005-02-11 00:00:00','YYYY-MM-DD HH24:MI:SS'),to_date('2005-03-08 00:00:00','YYYY-MM-DD HH24:MI:SS'));
  INSERT into reporting.ClientContract(ContractID,ClientID,ReferralDate,EngagementDate,CompletionDate) VALUES('7944','5760',to_date('2008-09-15 00:00:00','YYYY-MM-DD HH24:MI:SS'),to_date('2008-09-26 00:00:00','YYYY-MM-DD HH24:MI:SS'),to_date(NULL,'YYYY-MM-DD HH24:MI:SS'));
  INSERT into reporting.ClientContract(ContractID,ClientID,ReferralDate,EngagementDate,CompletionDate) VALUES('8011','5798',to_date(NULL,'YYYY-MM-DD HH24:MI:SS'),to_date(NULL,'YYYY-MM-DD HH24:MI:SS'),to_date('2000-02-07 00:00:00','YYYY-MM-DD HH24:MI:SS'));
  INSERT into reporting.ClientContract(ContractID,ClientID,ReferralDate,EngagementDate,CompletionDate) VALUES('8012','5798',to_date('2004-10-19 00:00:00','YYYY-MM-DD HH24:MI:SS'),to_date('2004-10-19 00:00:00','YYYY-MM-DD HH24:MI:SS'),to_date('2004-10-27 00:00:00','YYYY-MM-DD HH24:MI:SS'));
  INSERT into reporting.ClientContract(ContractID,ClientID,ReferralDate,EngagementDate,CompletionDate) VALUES('8013','5798',to_date('2005-03-22 00:00:00','YYYY-MM-DD HH24:MI:SS'),to_date('2005-04-06 00:00:00','YYYY-MM-DD HH24:MI:SS'),to_date('2005-05-27 00:00:00','YYYY-MM-DD HH24:MI:SS'));
  INSERT into reporting.ClientContract(ContractID,ClientID,ReferralDate,EngagementDate,CompletionDate) VALUES('8228','5943',to_date('2007-03-07 00:00:00','YYYY-MM-DD HH24:MI:SS'),to_date('2007-03-16 00:00:00','YYYY-MM-DD HH24:MI:SS'),to_date('2007-03-16 00:00:00','YYYY-MM-DD HH24:MI:SS'));
  -- Doctored
  INSERT into reporting.ClientContract(ContractID,ClientID,ReferralDate,EngagementDate,CompletionDate) VALUES('762','76600',to_date('2007-01-08 00:00:00','YYYY-MM-DD HH24:MI:SS'),to_date('2007-01-11 00:00:00','YYYY-MM-DD HH24:MI:SS'),to_date('2007-04-16 00:00:00','YYYY-MM-DD HH24:MI:SS'));
  INSERT into reporting.ClientContract(ContractID,ClientID,ReferralDate,EngagementDate,CompletionDate) VALUES('763','76600',to_date('2007-05-25 00:00:00','YYYY-MM-DD HH24:MI:SS'),to_date('2007-09-03 00:00:00','YYYY-MM-DD HH24:MI:SS'),to_date('2007-09-17 00:00:00','YYYY-MM-DD HH24:MI:SS'));
  INSERT into reporting.ClientContract(ContractID,ClientID,ReferralDate,EngagementDate,CompletionDate) VALUES('764','76600',to_date('2009-02-02 00:00:00','YYYY-MM-DD HH24:MI:SS'),to_date(NULL,'YYYY-MM-DD HH24:MI:SS'),to_date('2009-02-17 00:00:00','YYYY-MM-DD HH24:MI:SS'));
  INSERT into reporting.ClientContract(ContractID,ClientID,ReferralDate,EngagementDate,CompletionDate) VALUES('570','56400',to_date('2009-09-10 00:00:00','YYYY-MM-DD HH24:MI:SS'),to_date(NULL,'YYYY-MM-DD HH24:MI:SS'),to_date(NULL,'YYYY-MM-DD HH24:MI:SS'));
  INSERT into reporting.ClientContract(ContractID,ClientID,ReferralDate,EngagementDate,CompletionDate) VALUES('5295','316600',to_date('2006-05-09 00:00:00','YYYY-MM-DD HH24:MI:SS'),to_date('2006-05-24 00:00:00','YYYY-MM-DD HH24:MI:SS'),to_date('2006-08-03 00:00:00','YYYY-MM-DD HH24:MI:SS'));
  INSERT into reporting.ClientContract(ContractID,ClientID,ReferralDate,EngagementDate,CompletionDate) VALUES('5574','373800',to_date('2006-06-09 00:00:00','YYYY-MM-DD HH24:MI:SS'),to_date('2006-06-23 00:00:00','YYYY-MM-DD HH24:MI:SS'),to_date('2007-01-25 00:00:00','YYYY-MM-DD HH24:MI:SS'));
  
  INSERT into reporting.Appointment(AppointID,ClientID,AppointDate) VALUES('10047','76600',to_date('2007-01-11 00:00:00','YYYY-MM-DD HH24:MI:SS'));
  INSERT into reporting.Appointment(AppointID,ClientID,AppointDate) VALUES('10409','76600',to_date('2007-02-19 00:00:00','YYYY-MM-DD HH24:MI:SS'));
  INSERT into reporting.Appointment(AppointID,ClientID,AppointDate) VALUES('10410','76600',to_date('2007-02-26 00:00:00','YYYY-MM-DD HH24:MI:SS'));
  INSERT into reporting.Appointment(AppointID,ClientID,AppointDate) VALUES('10474','76600',to_date('2007-03-05 00:00:00','YYYY-MM-DD HH24:MI:SS'));
  INSERT into reporting.Appointment(AppointID,ClientID,AppointDate) VALUES('10486','76600',to_date('2007-03-12 00:00:00','YYYY-MM-DD HH24:MI:SS'));
  INSERT into reporting.Appointment(AppointID,ClientID,AppointDate) VALUES('10533','76600',to_date('2007-03-19 00:00:00','YYYY-MM-DD HH24:MI:SS'));
  INSERT into reporting.Appointment(AppointID,ClientID,AppointDate) VALUES('10619','76600',to_date('2007-03-26 00:00:00','YYYY-MM-DD HH24:MI:SS'));
  INSERT into reporting.Appointment(AppointID,ClientID,AppointDate) VALUES('10675','76600',to_date('2007-04-02 00:00:00','YYYY-MM-DD HH24:MI:SS'));
  INSERT into reporting.Appointment(AppointID,ClientID,AppointDate) VALUES('10721','76600',to_date('2007-04-16 00:00:00','YYYY-MM-DD HH24:MI:SS'));
  INSERT into reporting.Appointment(AppointID,ClientID,AppointDate) VALUES('11365','76600',to_date('2007-07-30 00:00:00','YYYY-MM-DD HH24:MI:SS'));
  INSERT into reporting.Appointment(AppointID,ClientID,AppointDate) VALUES('11616','299',to_date('2007-08-30 00:00:00','YYYY-MM-DD HH24:MI:SS'));
  INSERT into reporting.Appointment(AppointID,ClientID,AppointDate) VALUES('11735','1940',to_date('2007-09-17 00:00:00','YYYY-MM-DD HH24:MI:SS'));
  INSERT into reporting.Appointment(AppointID,ClientID,AppointDate) VALUES('11809','76600',to_date('2007-09-03 00:00:00','YYYY-MM-DD HH24:MI:SS'));
  INSERT into reporting.Appointment(AppointID,ClientID,AppointDate) VALUES('11810','76600',to_date('2007-09-17 00:00:00','YYYY-MM-DD HH24:MI:SS'));
  INSERT into reporting.Appointment(AppointID,ClientID,AppointDate) VALUES('11821','299',to_date('2007-10-02 00:00:00','YYYY-MM-DD HH24:MI:SS'));
  INSERT into reporting.Appointment(AppointID,ClientID,AppointDate) VALUES('1218','312',to_date('2000-11-28 00:00:00','YYYY-MM-DD HH24:MI:SS'));
  INSERT into reporting.Appointment(AppointID,ClientID,AppointDate) VALUES('12260','1940',to_date('2007-12-18 00:00:00','YYYY-MM-DD HH24:MI:SS'));
  INSERT into reporting.Appointment(AppointID,ClientID,AppointDate) VALUES('12536','1940',to_date('2008-01-08 00:00:00','YYYY-MM-DD HH24:MI:SS'));
  INSERT into reporting.Appointment(AppointID,ClientID,AppointDate) VALUES('12569','1940',to_date('2008-01-15 00:00:00','YYYY-MM-DD HH24:MI:SS'));
  INSERT into reporting.Appointment(AppointID,ClientID,AppointDate) VALUES('1257','312',to_date('2000-12-18 00:00:00','YYYY-MM-DD HH24:MI:SS'));
  INSERT into reporting.Appointment(AppointID,ClientID,AppointDate) VALUES('1258','312',to_date('2001-01-09 00:00:00','YYYY-MM-DD HH24:MI:SS'));
  INSERT into reporting.Appointment(AppointID,ClientID,AppointDate) VALUES('12626','299',to_date('2008-01-23 00:00:00','YYYY-MM-DD HH24:MI:SS'));
  INSERT into reporting.Appointment(AppointID,ClientID,AppointDate) VALUES('12685','1940',to_date('2008-01-22 00:00:00','YYYY-MM-DD HH24:MI:SS'));
  INSERT into reporting.Appointment(AppointID,ClientID,AppointDate) VALUES('12726','1940',to_date('2008-01-29 00:00:00','YYYY-MM-DD HH24:MI:SS'));
  INSERT into reporting.Appointment(AppointID,ClientID,AppointDate) VALUES('12727','299',to_date('2008-01-30 00:00:00','YYYY-MM-DD HH24:MI:SS'));
  INSERT into reporting.Appointment(AppointID,ClientID,AppointDate) VALUES('12785','1940',to_date('2008-02-05 00:00:00','YYYY-MM-DD HH24:MI:SS'));
  INSERT into reporting.Appointment(AppointID,ClientID,AppointDate) VALUES('12875','1940',to_date('2008-02-12 00:00:00','YYYY-MM-DD HH24:MI:SS'));
  INSERT into reporting.Appointment(AppointID,ClientID,AppointDate) VALUES('12876','1940',to_date('2008-03-04 00:00:00','YYYY-MM-DD HH24:MI:SS'));
  INSERT into reporting.Appointment(AppointID,ClientID,AppointDate) VALUES('1292','312',to_date('2001-01-16 00:00:00','YYYY-MM-DD HH24:MI:SS'));
  INSERT into reporting.Appointment(AppointID,ClientID,AppointDate) VALUES('12955','1940',to_date('2008-03-11 00:00:00','YYYY-MM-DD HH24:MI:SS'));
  INSERT into reporting.Appointment(AppointID,ClientID,AppointDate) VALUES('12991','1940',to_date('2008-03-18 00:00:00','YYYY-MM-DD HH24:MI:SS'));
  INSERT into reporting.Appointment(AppointID,ClientID,AppointDate) VALUES('13018','1940',to_date('2008-03-25 00:00:00','YYYY-MM-DD HH24:MI:SS'));
  INSERT into reporting.Appointment(AppointID,ClientID,AppointDate) VALUES('13041','1940',to_date('2008-04-01 00:00:00','YYYY-MM-DD HH24:MI:SS'));
  INSERT into reporting.Appointment(AppointID,ClientID,AppointDate) VALUES('13081','1940',to_date('2008-04-08 00:00:00','YYYY-MM-DD HH24:MI:SS'));
  INSERT into reporting.Appointment(AppointID,ClientID,AppointDate) VALUES('13099','1231',to_date('2008-05-06 00:00:00','YYYY-MM-DD HH24:MI:SS'));
  INSERT into reporting.Appointment(AppointID,ClientID,AppointDate) VALUES('13111','1940',to_date('2008-04-15 00:00:00','YYYY-MM-DD HH24:MI:SS'));
  INSERT into reporting.Appointment(AppointID,ClientID,AppointDate) VALUES('1314','312',to_date('2001-01-23 00:00:00','YYYY-MM-DD HH24:MI:SS'));
  INSERT into reporting.Appointment(AppointID,ClientID,AppointDate) VALUES('13168','1940',to_date('2008-04-22 00:00:00','YYYY-MM-DD HH24:MI:SS'));
  INSERT into reporting.Appointment(AppointID,ClientID,AppointDate) VALUES('1319','312',to_date('2001-01-30 00:00:00','YYYY-MM-DD HH24:MI:SS'));
  INSERT into reporting.Appointment(AppointID,ClientID,AppointDate) VALUES('13234','1940',to_date('2008-04-29 00:00:00','YYYY-MM-DD HH24:MI:SS'));
  INSERT into reporting.Appointment(AppointID,ClientID,AppointDate) VALUES('13254','1940',to_date('2008-05-13 00:00:00','YYYY-MM-DD HH24:MI:SS'));
  INSERT into reporting.Appointment(AppointID,ClientID,AppointDate) VALUES('13334','1940',to_date('2008-06-03 00:00:00','YYYY-MM-DD HH24:MI:SS'));
  INSERT into reporting.Appointment(AppointID,ClientID,AppointDate) VALUES('1340','312',to_date('2001-02-05 00:00:00','YYYY-MM-DD HH24:MI:SS'));
  INSERT into reporting.Appointment(AppointID,ClientID,AppointDate) VALUES('13413','1867',to_date('2008-06-17 00:00:00','YYYY-MM-DD HH24:MI:SS'));
  INSERT into reporting.Appointment(AppointID,ClientID,AppointDate) VALUES('13454','1940',to_date('2008-06-17 00:00:00','YYYY-MM-DD HH24:MI:SS'));
  INSERT into reporting.Appointment(AppointID,ClientID,AppointDate) VALUES('13517','1231',to_date('2008-06-10 00:00:00','YYYY-MM-DD HH24:MI:SS'));
  INSERT into reporting.Appointment(AppointID,ClientID,AppointDate) VALUES('13518','1231',to_date('2008-06-17 00:00:00','YYYY-MM-DD HH24:MI:SS'));
  INSERT into reporting.Appointment(AppointID,ClientID,AppointDate) VALUES('1357','312',to_date('2001-02-13 00:00:00','YYYY-MM-DD HH24:MI:SS'));
  INSERT into reporting.Appointment(AppointID,ClientID,AppointDate) VALUES('13580','1231',to_date('2008-06-24 00:00:00','YYYY-MM-DD HH24:MI:SS'));
  INSERT into reporting.Appointment(AppointID,ClientID,AppointDate) VALUES('13581','1940',to_date('2008-07-01 00:00:00','YYYY-MM-DD HH24:MI:SS'));
  INSERT into reporting.Appointment(AppointID,ClientID,AppointDate) VALUES('13599','1231',to_date('2008-07-01 00:00:00','YYYY-MM-DD HH24:MI:SS'));
  INSERT into reporting.Appointment(AppointID,ClientID,AppointDate) VALUES('13694','1940',to_date('2008-07-29 00:00:00','YYYY-MM-DD HH24:MI:SS'));
  INSERT into reporting.Appointment(AppointID,ClientID,AppointDate) VALUES('1370','312',to_date('2001-02-20 00:00:00','YYYY-MM-DD HH24:MI:SS'));
  INSERT into reporting.Appointment(AppointID,ClientID,AppointDate) VALUES('13718','1231',to_date('2008-07-08 00:00:00','YYYY-MM-DD HH24:MI:SS'));
  INSERT into reporting.Appointment(AppointID,ClientID,AppointDate) VALUES('13719','1231',to_date('2008-07-22 00:00:00','YYYY-MM-DD HH24:MI:SS'));
  INSERT into reporting.Appointment(AppointID,ClientID,AppointDate) VALUES('1372','312',to_date('2001-02-27 00:00:00','YYYY-MM-DD HH24:MI:SS'));
  INSERT into reporting.Appointment(AppointID,ClientID,AppointDate) VALUES('1376','312',to_date('2001-04-10 00:00:00','YYYY-MM-DD HH24:MI:SS'));
  INSERT into reporting.Appointment(AppointID,ClientID,AppointDate) VALUES('13789','1231',to_date('2008-07-29 00:00:00','YYYY-MM-DD HH24:MI:SS'));
  INSERT into reporting.Appointment(AppointID,ClientID,AppointDate) VALUES('13850','1231',to_date('2008-08-05 00:00:00','YYYY-MM-DD HH24:MI:SS'));
  INSERT into reporting.Appointment(AppointID,ClientID,AppointDate) VALUES('13851','1940',to_date('2008-08-12 00:00:00','YYYY-MM-DD HH24:MI:SS'));
  INSERT into reporting.Appointment(AppointID,ClientID,AppointDate) VALUES('13896','1231',to_date('2008-09-02 00:00:00','YYYY-MM-DD HH24:MI:SS'));
  INSERT into reporting.Appointment(AppointID,ClientID,AppointDate) VALUES('13958','1940',to_date('2008-08-26 00:00:00','YYYY-MM-DD HH24:MI:SS'));
  INSERT into reporting.Appointment(AppointID,ClientID,AppointDate) VALUES('14032','1940',to_date('2008-09-02 00:00:00','YYYY-MM-DD HH24:MI:SS'));
  INSERT into reporting.Appointment(AppointID,ClientID,AppointDate) VALUES('14070','1231',to_date('2008-09-09 00:00:00','YYYY-MM-DD HH24:MI:SS'));
  INSERT into reporting.Appointment(AppointID,ClientID,AppointDate) VALUES('14088','1940',to_date('2008-09-16 00:00:00','YYYY-MM-DD HH24:MI:SS'));
  INSERT into reporting.Appointment(AppointID,ClientID,AppointDate) VALUES('14103','1231',to_date('2008-09-16 00:00:00','YYYY-MM-DD HH24:MI:SS'));
  INSERT into reporting.Appointment(AppointID,ClientID,AppointDate) VALUES('14170','1231',to_date('2008-09-23 00:00:00','YYYY-MM-DD HH24:MI:SS'));
  INSERT into reporting.Appointment(AppointID,ClientID,AppointDate) VALUES('14171','1940',to_date('2008-09-30 00:00:00','YYYY-MM-DD HH24:MI:SS'));
  INSERT into reporting.Appointment(AppointID,ClientID,AppointDate) VALUES('14194','1231',to_date('2008-09-30 00:00:00','YYYY-MM-DD HH24:MI:SS'));
  INSERT into reporting.Appointment(AppointID,ClientID,AppointDate) VALUES('14264','1231',to_date('2008-10-07 00:00:00','YYYY-MM-DD HH24:MI:SS'));
  INSERT into reporting.Appointment(AppointID,ClientID,AppointDate) VALUES('14265','1940',to_date('2008-10-14 00:00:00','YYYY-MM-DD HH24:MI:SS'));
  INSERT into reporting.Appointment(AppointID,ClientID,AppointDate) VALUES('14334','1231',to_date('2008-10-21 00:00:00','YYYY-MM-DD HH24:MI:SS'));
  INSERT into reporting.Appointment(AppointID,ClientID,AppointDate) VALUES('14345','1940',to_date('2008-10-28 00:00:00','YYYY-MM-DD HH24:MI:SS'));
  INSERT into reporting.Appointment(AppointID,ClientID,AppointDate) VALUES('14411','1231',to_date('2008-11-04 00:00:00','YYYY-MM-DD HH24:MI:SS'));
  INSERT into reporting.Appointment(AppointID,ClientID,AppointDate) VALUES('14440','1940',to_date('2008-11-11 00:00:00','YYYY-MM-DD HH24:MI:SS'));
  INSERT into reporting.Appointment(AppointID,ClientID,AppointDate) VALUES('14533','1231',to_date('2008-12-02 00:00:00','YYYY-MM-DD HH24:MI:SS'));
  INSERT into reporting.Appointment(AppointID,ClientID,AppointDate) VALUES('14547','1940',to_date('2008-11-25 00:00:00','YYYY-MM-DD HH24:MI:SS'));
  INSERT into reporting.Appointment(AppointID,ClientID,AppointDate) VALUES('14690','1940',to_date('2008-12-09 00:00:00','YYYY-MM-DD HH24:MI:SS'));
  INSERT into reporting.Appointment(AppointID,ClientID,AppointDate) VALUES('14749','1231',to_date('2009-01-06 00:00:00','YYYY-MM-DD HH24:MI:SS'));
  INSERT into reporting.Appointment(AppointID,ClientID,AppointDate) VALUES('14771','1940',to_date('2008-12-23 00:00:00','YYYY-MM-DD HH24:MI:SS'));
  INSERT into reporting.Appointment(AppointID,ClientID,AppointDate) VALUES('14882','1940',to_date('2008-01-13 00:00:00','YYYY-MM-DD HH24:MI:SS'));
  INSERT into reporting.Appointment(AppointID,ClientID,AppointDate) VALUES('14883','1940',to_date('2009-01-13 00:00:00','YYYY-MM-DD HH24:MI:SS'));
  INSERT into reporting.Appointment(AppointID,ClientID,AppointDate) VALUES('15046','1940',to_date('2009-01-27 00:00:00','YYYY-MM-DD HH24:MI:SS'));
  INSERT into reporting.Appointment(AppointID,ClientID,AppointDate) VALUES('15135','1385',to_date('2009-02-09 00:00:00','YYYY-MM-DD HH24:MI:SS'));
  INSERT into reporting.Appointment(AppointID,ClientID,AppointDate) VALUES('15141','76600',to_date('2009-02-13 00:00:00','YYYY-MM-DD HH24:MI:SS'));
  INSERT into reporting.Appointment(AppointID,ClientID,AppointDate) VALUES('15264','1940',to_date('2009-02-24 00:00:00','YYYY-MM-DD HH24:MI:SS'));
  INSERT into reporting.Appointment(AppointID,ClientID,AppointDate) VALUES('15299','76600',to_date('2009-02-17 00:00:00','YYYY-MM-DD HH24:MI:SS'));
  INSERT into reporting.Appointment(AppointID,ClientID,AppointDate) VALUES('1534','312',to_date('2001-05-15 00:00:00','YYYY-MM-DD HH24:MI:SS'));
  INSERT into reporting.Appointment(AppointID,ClientID,AppointDate) VALUES('15363','1134',to_date('2009-03-09 00:00:00','YYYY-MM-DD HH24:MI:SS'));
  INSERT into reporting.Appointment(AppointID,ClientID,AppointDate) VALUES('15411','1940',to_date('2009-04-07 00:00:00','YYYY-MM-DD HH24:MI:SS'));
  INSERT into reporting.Appointment(AppointID,ClientID,AppointDate) VALUES('15789','1940',to_date('2009-05-05 00:00:00','YYYY-MM-DD HH24:MI:SS'));
  INSERT into reporting.Appointment(AppointID,ClientID,AppointDate) VALUES('15936','1134',to_date('2009-04-16 00:00:00','YYYY-MM-DD HH24:MI:SS'));
  INSERT into reporting.Appointment(AppointID,ClientID,AppointDate) VALUES('15937','1134',to_date('2009-04-23 00:00:00','YYYY-MM-DD HH24:MI:SS'));
  INSERT into reporting.Appointment(AppointID,ClientID,AppointDate) VALUES('15946','1134',to_date('2009-05-07 00:00:00','YYYY-MM-DD HH24:MI:SS'));
  INSERT into reporting.Appointment(AppointID,ClientID,AppointDate) VALUES('16028','1940',to_date('2009-06-16 00:00:00','YYYY-MM-DD HH24:MI:SS'));
  INSERT into reporting.Appointment(AppointID,ClientID,AppointDate) VALUES('16135','361',to_date('2009-06-15 00:00:00','YYYY-MM-DD HH24:MI:SS'));
  INSERT into reporting.Appointment(AppointID,ClientID,AppointDate) VALUES('16428','1940',to_date('2009-06-25 00:00:00','YYYY-MM-DD HH24:MI:SS'));
  INSERT into reporting.Appointment(AppointID,ClientID,AppointDate) VALUES('16911','114',to_date('2009-09-14 00:00:00','YYYY-MM-DD HH24:MI:SS'));
  INSERT into reporting.Appointment(AppointID,ClientID,AppointDate) VALUES('17044','1231',to_date('2009-09-21 00:00:00','YYYY-MM-DD HH24:MI:SS'));
  INSERT into reporting.Appointment(AppointID,ClientID,AppointDate) VALUES('17097','564',to_date('2009-10-01 00:00:00','YYYY-MM-DD HH24:MI:SS'));
  INSERT into reporting.Appointment(AppointID,ClientID,AppointDate) VALUES('17104','361',to_date('2009-09-18 00:00:00','YYYY-MM-DD HH24:MI:SS'));
  INSERT into reporting.Appointment(AppointID,ClientID,AppointDate) VALUES('17119','1940',to_date('2009-08-25 00:00:00','YYYY-MM-DD HH24:MI:SS'));
  INSERT into reporting.Appointment(AppointID,ClientID,AppointDate) VALUES('18152','2164',to_date('2007-02-06 00:00:00','YYYY-MM-DD HH24:MI:SS'));
  INSERT into reporting.Appointment(AppointID,ClientID,AppointDate) VALUES('18153','2164',to_date('2007-02-13 00:00:00','YYYY-MM-DD HH24:MI:SS'));
  INSERT into reporting.Appointment(AppointID,ClientID,AppointDate) VALUES('18975','2164',to_date('2007-01-16 00:00:00','YYYY-MM-DD HH24:MI:SS'));
  INSERT into reporting.Appointment(AppointID,ClientID,AppointDate) VALUES('18976','2164',to_date('2007-01-30 00:00:00','YYYY-MM-DD HH24:MI:SS'));
  INSERT into reporting.Appointment(AppointID,ClientID,AppointDate) VALUES('19176','2214',to_date('2007-04-10 00:00:00','YYYY-MM-DD HH24:MI:SS'));
  INSERT into reporting.Appointment(AppointID,ClientID,AppointDate) VALUES('19177','2214',to_date('2007-05-24 00:00:00','YYYY-MM-DD HH24:MI:SS'));
  INSERT into reporting.Appointment(AppointID,ClientID,AppointDate) VALUES('19178','2214',to_date('2007-05-31 00:00:00','YYYY-MM-DD HH24:MI:SS'));
  INSERT into reporting.Appointment(AppointID,ClientID,AppointDate) VALUES('19179','2214',to_date('2007-06-07 00:00:00','YYYY-MM-DD HH24:MI:SS'));
  INSERT into reporting.Appointment(AppointID,ClientID,AppointDate) VALUES('19180','2214',to_date('2007-04-17 00:00:00','YYYY-MM-DD HH24:MI:SS'));
  INSERT into reporting.Appointment(AppointID,ClientID,AppointDate) VALUES('19181','2214',to_date('2007-06-21 00:00:00','YYYY-MM-DD HH24:MI:SS'));
  INSERT into reporting.Appointment(AppointID,ClientID,AppointDate) VALUES('19182','2214',to_date('2007-08-09 00:00:00','YYYY-MM-DD HH24:MI:SS'));
  INSERT into reporting.Appointment(AppointID,ClientID,AppointDate) VALUES('19183','2214',to_date('2007-06-28 00:00:00','YYYY-MM-DD HH24:MI:SS'));
  INSERT into reporting.Appointment(AppointID,ClientID,AppointDate) VALUES('19184','2214',to_date('2007-07-05 00:00:00','YYYY-MM-DD HH24:MI:SS'));
  INSERT into reporting.Appointment(AppointID,ClientID,AppointDate) VALUES('19185','2214',to_date('2007-07-12 00:00:00','YYYY-MM-DD HH24:MI:SS'));
  INSERT into reporting.Appointment(AppointID,ClientID,AppointDate) VALUES('19186','2214',to_date('2007-07-19 00:00:00','YYYY-MM-DD HH24:MI:SS'));
  INSERT into reporting.Appointment(AppointID,ClientID,AppointDate) VALUES('19187','2214',to_date('2007-07-26 00:00:00','YYYY-MM-DD HH24:MI:SS'));
  INSERT into reporting.Appointment(AppointID,ClientID,AppointDate) VALUES('19188','2214',to_date('2007-08-02 00:00:00','YYYY-MM-DD HH24:MI:SS'));
  INSERT into reporting.Appointment(AppointID,ClientID,AppointDate) VALUES('19591','2378',to_date('2004-02-02 00:00:00','YYYY-MM-DD HH24:MI:SS'));
  INSERT into reporting.Appointment(AppointID,ClientID,AppointDate) VALUES('19610','2378',to_date('2004-02-09 00:00:00','YYYY-MM-DD HH24:MI:SS'));
  INSERT into reporting.Appointment(AppointID,ClientID,AppointDate) VALUES('19706','2378',to_date('2004-04-19 00:00:00','YYYY-MM-DD HH24:MI:SS'));
  INSERT into reporting.Appointment(AppointID,ClientID,AppointDate) VALUES('19828','2378',to_date('2004-06-24 00:00:00','YYYY-MM-DD HH24:MI:SS'));
  INSERT into reporting.Appointment(AppointID,ClientID,AppointDate) VALUES('23254','2469',to_date('2008-03-26 00:00:00','YYYY-MM-DD HH24:MI:SS'));
  INSERT into reporting.Appointment(AppointID,ClientID,AppointDate) VALUES('23255','2469',to_date('2008-03-27 00:00:00','YYYY-MM-DD HH24:MI:SS'));
  INSERT into reporting.Appointment(AppointID,ClientID,AppointDate) VALUES('23256','2469',to_date('2008-03-31 00:00:00','YYYY-MM-DD HH24:MI:SS'));
  INSERT into reporting.Appointment(AppointID,ClientID,AppointDate) VALUES('23257','2469',to_date('2008-04-07 00:00:00','YYYY-MM-DD HH24:MI:SS'));
  INSERT into reporting.Appointment(AppointID,ClientID,AppointDate) VALUES('23258','2469',to_date('2008-04-15 00:00:00','YYYY-MM-DD HH24:MI:SS'));
  INSERT into reporting.Appointment(AppointID,ClientID,AppointDate) VALUES('23359','2469',to_date('2008-04-28 00:00:00','YYYY-MM-DD HH24:MI:SS'));
  INSERT into reporting.Appointment(AppointID,ClientID,AppointDate) VALUES('23398','2469',to_date('2008-05-22 00:00:00','YYYY-MM-DD HH24:MI:SS'));
  INSERT into reporting.Appointment(AppointID,ClientID,AppointDate) VALUES('23399','2469',to_date('2008-05-22 00:00:00','YYYY-MM-DD HH24:MI:SS'));
  INSERT into reporting.Appointment(AppointID,ClientID,AppointDate) VALUES('23791','2469',to_date('2008-05-30 00:00:00','YYYY-MM-DD HH24:MI:SS'));
  INSERT into reporting.Appointment(AppointID,ClientID,AppointDate) VALUES('23792','2469',to_date('2008-06-04 00:00:00','YYYY-MM-DD HH24:MI:SS'));
  INSERT into reporting.Appointment(AppointID,ClientID,AppointDate) VALUES('23793','2469',to_date('2008-06-12 00:00:00','YYYY-MM-DD HH24:MI:SS'));
  INSERT into reporting.Appointment(AppointID,ClientID,AppointDate) VALUES('23794','2469',to_date('2008-06-19 00:00:00','YYYY-MM-DD HH24:MI:SS'));
  INSERT into reporting.Appointment(AppointID,ClientID,AppointDate) VALUES('23795','2469',to_date('2008-06-25 00:00:00','YYYY-MM-DD HH24:MI:SS'));
  INSERT into reporting.Appointment(AppointID,ClientID,AppointDate) VALUES('23796','2469',to_date('2008-07-09 00:00:00','YYYY-MM-DD HH24:MI:SS'));
  INSERT into reporting.Appointment(AppointID,ClientID,AppointDate) VALUES('23797','2469',to_date('2008-07-16 00:00:00','YYYY-MM-DD HH24:MI:SS'));
  INSERT into reporting.Appointment(AppointID,ClientID,AppointDate) VALUES('23798','2469',to_date('2008-07-23 00:00:00','YYYY-MM-DD HH24:MI:SS'));
  INSERT into reporting.Appointment(AppointID,ClientID,AppointDate) VALUES('23799','2469',to_date('2008-07-31 00:00:00','YYYY-MM-DD HH24:MI:SS'));
  INSERT into reporting.Appointment(AppointID,ClientID,AppointDate) VALUES('23800','2469',to_date('2008-08-07 00:00:00','YYYY-MM-DD HH24:MI:SS'));
  INSERT into reporting.Appointment(AppointID,ClientID,AppointDate) VALUES('23801','2469',to_date('2008-08-14 00:00:00','YYYY-MM-DD HH24:MI:SS'));
  INSERT into reporting.Appointment(AppointID,ClientID,AppointDate) VALUES('23802','2469',to_date('2008-09-04 00:00:00','YYYY-MM-DD HH24:MI:SS'));
  INSERT into reporting.Appointment(AppointID,ClientID,AppointDate) VALUES('23803','2469',to_date('2008-09-11 00:00:00','YYYY-MM-DD HH24:MI:SS'));
  INSERT into reporting.Appointment(AppointID,ClientID,AppointDate) VALUES('23804','2469',to_date('2008-09-18 00:00:00','YYYY-MM-DD HH24:MI:SS'));
  INSERT into reporting.Appointment(AppointID,ClientID,AppointDate) VALUES('23805','2469',to_date('2008-09-25 00:00:00','YYYY-MM-DD HH24:MI:SS'));
  INSERT into reporting.Appointment(AppointID,ClientID,AppointDate) VALUES('23806','2469',to_date('2008-10-02 00:00:00','YYYY-MM-DD HH24:MI:SS'));
  INSERT into reporting.Appointment(AppointID,ClientID,AppointDate) VALUES('23807','2469',to_date('2008-10-16 00:00:00','YYYY-MM-DD HH24:MI:SS'));
  INSERT into reporting.Appointment(AppointID,ClientID,AppointDate) VALUES('23808','2469',to_date('2008-10-20 00:00:00','YYYY-MM-DD HH24:MI:SS'));
  INSERT into reporting.Appointment(AppointID,ClientID,AppointDate) VALUES('23922','2469',to_date('2008-11-06 00:00:00','YYYY-MM-DD HH24:MI:SS'));
  INSERT into reporting.Appointment(AppointID,ClientID,AppointDate) VALUES('23923','2469',to_date('2008-11-13 00:00:00','YYYY-MM-DD HH24:MI:SS'));
  INSERT into reporting.Appointment(AppointID,ClientID,AppointDate) VALUES('23924','2469',to_date('2008-11-20 00:00:00','YYYY-MM-DD HH24:MI:SS'));
  INSERT into reporting.Appointment(AppointID,ClientID,AppointDate) VALUES('23925','2469',to_date('2008-11-27 00:00:00','YYYY-MM-DD HH24:MI:SS'));
  INSERT into reporting.Appointment(AppointID,ClientID,AppointDate) VALUES('23926','2469',to_date('2008-12-04 00:00:00','YYYY-MM-DD HH24:MI:SS'));
  INSERT into reporting.Appointment(AppointID,ClientID,AppointDate) VALUES('24315','2469',to_date('2008-12-11 00:00:00','YYYY-MM-DD HH24:MI:SS'));
  INSERT into reporting.Appointment(AppointID,ClientID,AppointDate) VALUES('24316','2469',to_date('2008-12-18 00:00:00','YYYY-MM-DD HH24:MI:SS'));
  INSERT into reporting.Appointment(AppointID,ClientID,AppointDate) VALUES('24317','2469',to_date('2009-01-08 00:00:00','YYYY-MM-DD HH24:MI:SS'));
  INSERT into reporting.Appointment(AppointID,ClientID,AppointDate) VALUES('24318','2469',to_date('2009-01-15 00:00:00','YYYY-MM-DD HH24:MI:SS'));
  INSERT into reporting.Appointment(AppointID,ClientID,AppointDate) VALUES('24319','2469',to_date('2009-01-22 00:00:00','YYYY-MM-DD HH24:MI:SS'));
  INSERT into reporting.Appointment(AppointID,ClientID,AppointDate) VALUES('24320','2469',to_date('2009-01-29 00:00:00','YYYY-MM-DD HH24:MI:SS'));
  INSERT into reporting.Appointment(AppointID,ClientID,AppointDate) VALUES('24321','2469',to_date('2009-02-05 00:00:00','YYYY-MM-DD HH24:MI:SS'));
  INSERT into reporting.Appointment(AppointID,ClientID,AppointDate) VALUES('24322','2469',to_date('2009-02-11 00:00:00','YYYY-MM-DD HH24:MI:SS'));
  INSERT into reporting.Appointment(AppointID,ClientID,AppointDate) VALUES('24323','2469',to_date('2009-02-19 00:00:00','YYYY-MM-DD HH24:MI:SS'));
  INSERT into reporting.Appointment(AppointID,ClientID,AppointDate) VALUES('24324','2469',to_date('2009-02-19 00:00:00','YYYY-MM-DD HH24:MI:SS'));
  INSERT into reporting.Appointment(AppointID,ClientID,AppointDate) VALUES('24325','2469',to_date('2009-02-26 00:00:00','YYYY-MM-DD HH24:MI:SS'));
  INSERT into reporting.Appointment(AppointID,ClientID,AppointDate) VALUES('24326','2469',to_date('2009-03-05 00:00:00','YYYY-MM-DD HH24:MI:SS'));
  INSERT into reporting.Appointment(AppointID,ClientID,AppointDate) VALUES('24327','2469',to_date('2009-03-12 00:00:00','YYYY-MM-DD HH24:MI:SS'));
  INSERT into reporting.Appointment(AppointID,ClientID,AppointDate) VALUES('24328','2469',to_date('2009-03-19 00:00:00','YYYY-MM-DD HH24:MI:SS'));
  INSERT into reporting.Appointment(AppointID,ClientID,AppointDate) VALUES('24719','2469',to_date('2009-03-26 00:00:00','YYYY-MM-DD HH24:MI:SS'));
  INSERT into reporting.Appointment(AppointID,ClientID,AppointDate) VALUES('24720','2469',to_date('2009-04-02 00:00:00','YYYY-MM-DD HH24:MI:SS'));
  INSERT into reporting.Appointment(AppointID,ClientID,AppointDate) VALUES('24721','2469',to_date('2009-04-07 00:00:00','YYYY-MM-DD HH24:MI:SS'));
  INSERT into reporting.Appointment(AppointID,ClientID,AppointDate) VALUES('24722','2469',to_date('2009-04-15 00:00:00','YYYY-MM-DD HH24:MI:SS'));
  INSERT into reporting.Appointment(AppointID,ClientID,AppointDate) VALUES('24763','2469',to_date('2009-04-23 00:00:00','YYYY-MM-DD HH24:MI:SS'));
  INSERT into reporting.Appointment(AppointID,ClientID,AppointDate) VALUES('24772','2469',to_date('2009-04-27 00:00:00','YYYY-MM-DD HH24:MI:SS'));
  INSERT into reporting.Appointment(AppointID,ClientID,AppointDate) VALUES('24789','2469',to_date('2009-04-30 00:00:00','YYYY-MM-DD HH24:MI:SS'));
  INSERT into reporting.Appointment(AppointID,ClientID,AppointDate) VALUES('24818','2469',to_date('2009-05-13 00:00:00','YYYY-MM-DD HH24:MI:SS'));
  INSERT into reporting.Appointment(AppointID,ClientID,AppointDate) VALUES('24853','2469',to_date('2009-05-20 00:00:00','YYYY-MM-DD HH24:MI:SS'));
  INSERT into reporting.Appointment(AppointID,ClientID,AppointDate) VALUES('24870','2469',to_date('2009-05-26 00:00:00','YYYY-MM-DD HH24:MI:SS'));
  INSERT into reporting.Appointment(AppointID,ClientID,AppointDate) VALUES('24895','2469',to_date('2009-06-03 00:00:00','YYYY-MM-DD HH24:MI:SS'));
  INSERT into reporting.Appointment(AppointID,ClientID,AppointDate) VALUES('24926','2469',to_date('2009-06-10 00:00:00','YYYY-MM-DD HH24:MI:SS'));
  INSERT into reporting.Appointment(AppointID,ClientID,AppointDate) VALUES('24967','2469',to_date('2009-06-24 00:00:00','YYYY-MM-DD HH24:MI:SS'));
  INSERT into reporting.Appointment(AppointID,ClientID,AppointDate) VALUES('25038','2469',to_date('2009-07-10 00:00:00','YYYY-MM-DD HH24:MI:SS'));
  INSERT into reporting.Appointment(AppointID,ClientID,AppointDate) VALUES('25039','2469',to_date('2009-07-13 00:00:00','YYYY-MM-DD HH24:MI:SS'));
  INSERT into reporting.Appointment(AppointID,ClientID,AppointDate) VALUES('25040','2469',to_date('2009-07-22 00:00:00','YYYY-MM-DD HH24:MI:SS'));
  INSERT into reporting.Appointment(AppointID,ClientID,AppointDate) VALUES('25041','2469',to_date('2009-07-27 00:00:00','YYYY-MM-DD HH24:MI:SS'));
  INSERT into reporting.Appointment(AppointID,ClientID,AppointDate) VALUES('25042','2469',to_date('2009-07-31 00:00:00','YYYY-MM-DD HH24:MI:SS'));
  INSERT into reporting.Appointment(AppointID,ClientID,AppointDate) VALUES('25043','2469',to_date('2009-08-04 00:00:00','YYYY-MM-DD HH24:MI:SS'));
  INSERT into reporting.Appointment(AppointID,ClientID,AppointDate) VALUES('25053','2469',to_date('2009-08-04 00:00:00','YYYY-MM-DD HH24:MI:SS'));
  INSERT into reporting.Appointment(AppointID,ClientID,AppointDate) VALUES('25136','2469',to_date('2009-08-10 00:00:00','YYYY-MM-DD HH24:MI:SS'));
  INSERT into reporting.Appointment(AppointID,ClientID,AppointDate) VALUES('25150','2469',to_date('2009-08-18 00:00:00','YYYY-MM-DD HH24:MI:SS'));
  INSERT into reporting.Appointment(AppointID,ClientID,AppointDate) VALUES('25164','2469',to_date('2009-08-25 00:00:00','YYYY-MM-DD HH24:MI:SS'));
  INSERT into reporting.Appointment(AppointID,ClientID,AppointDate) VALUES('25180','2469',to_date('2009-09-02 00:00:00','YYYY-MM-DD HH24:MI:SS'));
  INSERT into reporting.Appointment(AppointID,ClientID,AppointDate) VALUES('25391','2469',to_date('2009-09-09 00:00:00','YYYY-MM-DD HH24:MI:SS'));
  INSERT into reporting.Appointment(AppointID,ClientID,AppointDate) VALUES('25392','2469',to_date('2009-09-30 00:00:00','YYYY-MM-DD HH24:MI:SS'));
  INSERT into reporting.Appointment(AppointID,ClientID,AppointDate) VALUES('25394','2469',to_date('2009-10-06 00:00:00','YYYY-MM-DD HH24:MI:SS'));
  INSERT into reporting.Appointment(AppointID,ClientID,AppointDate) VALUES('25395','2469',to_date('2009-10-14 00:00:00','YYYY-MM-DD HH24:MI:SS'));
  INSERT into reporting.Appointment(AppointID,ClientID,AppointDate) VALUES('25396','2469',to_date('2009-10-23 00:00:00','YYYY-MM-DD HH24:MI:SS'));
  INSERT into reporting.Appointment(AppointID,ClientID,AppointDate) VALUES('25397','2469',to_date('2009-11-11 00:00:00','YYYY-MM-DD HH24:MI:SS'));
  INSERT into reporting.Appointment(AppointID,ClientID,AppointDate) VALUES('25398','2469',to_date('2009-11-18 00:00:00','YYYY-MM-DD HH24:MI:SS'));
  INSERT into reporting.Appointment(AppointID,ClientID,AppointDate) VALUES('25399','2469',to_date('2009-11-26 00:00:00','YYYY-MM-DD HH24:MI:SS'));
  INSERT into reporting.Appointment(AppointID,ClientID,AppointDate) VALUES('25400','2469',to_date('2009-12-04 00:00:00','YYYY-MM-DD HH24:MI:SS'));
  INSERT into reporting.Appointment(AppointID,ClientID,AppointDate) VALUES('25419','2469',to_date('2009-12-08 00:00:00','YYYY-MM-DD HH24:MI:SS'));
  INSERT into reporting.Appointment(AppointID,ClientID,AppointDate) VALUES('25498','2469',to_date('2009-12-17 00:00:00','YYYY-MM-DD HH24:MI:SS'));
  INSERT into reporting.Appointment(AppointID,ClientID,AppointDate) VALUES('25513','2469',to_date('2009-12-22 00:00:00','YYYY-MM-DD HH24:MI:SS'));
  INSERT into reporting.Appointment(AppointID,ClientID,AppointDate) VALUES('25554','2469',to_date('2010-01-07 00:00:00','YYYY-MM-DD HH24:MI:SS'));
  INSERT into reporting.Appointment(AppointID,ClientID,AppointDate) VALUES('25558','2469',to_date('2010-01-11 00:00:00','YYYY-MM-DD HH24:MI:SS'));
  INSERT into reporting.Appointment(AppointID,ClientID,AppointDate) VALUES('25630','2469',to_date('2010-01-21 00:00:00','YYYY-MM-DD HH24:MI:SS'));
  INSERT into reporting.Appointment(AppointID,ClientID,AppointDate) VALUES('25650','2469',to_date('2010-01-28 00:00:00','YYYY-MM-DD HH24:MI:SS'));
  INSERT into reporting.Appointment(AppointID,ClientID,AppointDate) VALUES('25681','2469',to_date('2010-02-04 00:00:00','YYYY-MM-DD HH24:MI:SS'));
  INSERT into reporting.Appointment(AppointID,ClientID,AppointDate) VALUES('25702','2469',to_date('2010-02-11 00:00:00','YYYY-MM-DD HH24:MI:SS'));
  INSERT into reporting.Appointment(AppointID,ClientID,AppointDate) VALUES('28698','2910',to_date('2000-07-13 00:00:00','YYYY-MM-DD HH24:MI:SS'));
  INSERT into reporting.Appointment(AppointID,ClientID,AppointDate) VALUES('28795','3582',to_date('2000-08-16 00:00:00','YYYY-MM-DD HH24:MI:SS'));
  INSERT into reporting.Appointment(AppointID,ClientID,AppointDate) VALUES('28829','3582',to_date('2000-08-30 00:00:00','YYYY-MM-DD HH24:MI:SS'));
  INSERT into reporting.Appointment(AppointID,ClientID,AppointDate) VALUES('28845','3582',to_date('2000-09-06 00:00:00','YYYY-MM-DD HH24:MI:SS'));
  INSERT into reporting.Appointment(AppointID,ClientID,AppointDate) VALUES('28948','3582',to_date('2000-09-22 00:00:00','YYYY-MM-DD HH24:MI:SS'));
  INSERT into reporting.Appointment(AppointID,ClientID,AppointDate) VALUES('29165','3582',to_date('2000-11-15 00:00:00','YYYY-MM-DD HH24:MI:SS'));
  INSERT into reporting.Appointment(AppointID,ClientID,AppointDate) VALUES('29362','3582',to_date('2001-01-10 00:00:00','YYYY-MM-DD HH24:MI:SS'));
  INSERT into reporting.Appointment(AppointID,ClientID,AppointDate) VALUES('29369','3582',to_date('2001-01-17 00:00:00','YYYY-MM-DD HH24:MI:SS'));
  INSERT into reporting.Appointment(AppointID,ClientID,AppointDate) VALUES('29547','3582',to_date('2001-02-21 00:00:00','YYYY-MM-DD HH24:MI:SS'));
  INSERT into reporting.Appointment(AppointID,ClientID,AppointDate) VALUES('29548','3582',to_date('2001-02-28 00:00:00','YYYY-MM-DD HH24:MI:SS'));
  INSERT into reporting.Appointment(AppointID,ClientID,AppointDate) VALUES('29620','3263',to_date('2001-03-13 00:00:00','YYYY-MM-DD HH24:MI:SS'));
  INSERT into reporting.Appointment(AppointID,ClientID,AppointDate) VALUES('29644','3263',to_date('2001-03-23 00:00:00','YYYY-MM-DD HH24:MI:SS'));
  INSERT into reporting.Appointment(AppointID,ClientID,AppointDate) VALUES('3050','937',to_date('2003-03-13 00:00:00','YYYY-MM-DD HH24:MI:SS'));
  INSERT into reporting.Appointment(AppointID,ClientID,AppointDate) VALUES('3051','937',to_date('2003-03-28 00:00:00','YYYY-MM-DD HH24:MI:SS'));
  INSERT into reporting.Appointment(AppointID,ClientID,AppointDate) VALUES('30544','3737',to_date('2001-11-06 00:00:00','YYYY-MM-DD HH24:MI:SS'));
  INSERT into reporting.Appointment(AppointID,ClientID,AppointDate) VALUES('30545','3737',to_date('2001-11-13 00:00:00','YYYY-MM-DD HH24:MI:SS'));
  INSERT into reporting.Appointment(AppointID,ClientID,AppointDate) VALUES('31622','4122',to_date('2002-07-05 00:00:00','YYYY-MM-DD HH24:MI:SS'));
  INSERT into reporting.Appointment(AppointID,ClientID,AppointDate) VALUES('31660','4103',to_date('2002-07-08 00:00:00','YYYY-MM-DD HH24:MI:SS'));
  INSERT into reporting.Appointment(AppointID,ClientID,AppointDate) VALUES('31695','4122',to_date('2002-07-09 00:00:00','YYYY-MM-DD HH24:MI:SS'));
  INSERT into reporting.Appointment(AppointID,ClientID,AppointDate) VALUES('31696','4122',to_date('2002-07-16 00:00:00','YYYY-MM-DD HH24:MI:SS'));
  INSERT into reporting.Appointment(AppointID,ClientID,AppointDate) VALUES('31699','3993',to_date('2002-07-22 00:00:00','YYYY-MM-DD HH24:MI:SS'));
  INSERT into reporting.Appointment(AppointID,ClientID,AppointDate) VALUES('31739','4122',to_date('2002-08-13 00:00:00','YYYY-MM-DD HH24:MI:SS'));
  INSERT into reporting.Appointment(AppointID,ClientID,AppointDate) VALUES('31762','4122',to_date('2002-07-23 00:00:00','YYYY-MM-DD HH24:MI:SS'));
  INSERT into reporting.Appointment(AppointID,ClientID,AppointDate) VALUES('31780','3993',to_date('2002-08-15 00:00:00','YYYY-MM-DD HH24:MI:SS'));
  INSERT into reporting.Appointment(AppointID,ClientID,AppointDate) VALUES('31852','3993',to_date('2002-08-22 00:00:00','YYYY-MM-DD HH24:MI:SS'));
  INSERT into reporting.Appointment(AppointID,ClientID,AppointDate) VALUES('31894','3993',to_date('2002-09-06 00:00:00','YYYY-MM-DD HH24:MI:SS'));
  INSERT into reporting.Appointment(AppointID,ClientID,AppointDate) VALUES('31998','3993',to_date('2002-09-17 00:00:00','YYYY-MM-DD HH24:MI:SS'));
  INSERT into reporting.Appointment(AppointID,ClientID,AppointDate) VALUES('31999','3993',to_date('2002-10-01 00:00:00','YYYY-MM-DD HH24:MI:SS'));
  INSERT into reporting.Appointment(AppointID,ClientID,AppointDate) VALUES('32063','3993',to_date('2002-10-08 00:00:00','YYYY-MM-DD HH24:MI:SS'));
  INSERT into reporting.Appointment(AppointID,ClientID,AppointDate) VALUES('32116','3993',to_date('2002-10-22 00:00:00','YYYY-MM-DD HH24:MI:SS'));
  INSERT into reporting.Appointment(AppointID,ClientID,AppointDate) VALUES('32186','3993',to_date('2002-10-29 00:00:00','YYYY-MM-DD HH24:MI:SS'));
  INSERT into reporting.Appointment(AppointID,ClientID,AppointDate) VALUES('32199','3993',to_date('2002-11-05 00:00:00','YYYY-MM-DD HH24:MI:SS'));
  INSERT into reporting.Appointment(AppointID,ClientID,AppointDate) VALUES('32221','3993',to_date('2002-11-12 00:00:00','YYYY-MM-DD HH24:MI:SS'));
  INSERT into reporting.Appointment(AppointID,ClientID,AppointDate) VALUES('32268','3993',to_date('2002-11-19 00:00:00','YYYY-MM-DD HH24:MI:SS'));
  INSERT into reporting.Appointment(AppointID,ClientID,AppointDate) VALUES('33809','4037',to_date('2003-11-24 00:00:00','YYYY-MM-DD HH24:MI:SS'));
  INSERT into reporting.Appointment(AppointID,ClientID,AppointDate) VALUES('33816','4037',to_date('2003-12-07 00:00:00','YYYY-MM-DD HH24:MI:SS'));
  INSERT into reporting.Appointment(AppointID,ClientID,AppointDate) VALUES('33861','3993',to_date('2003-12-01 00:00:00','YYYY-MM-DD HH24:MI:SS'));
  INSERT into reporting.Appointment(AppointID,ClientID,AppointDate) VALUES('33939','3993',to_date('2004-01-07 00:00:00','YYYY-MM-DD HH24:MI:SS'));
  INSERT into reporting.Appointment(AppointID,ClientID,AppointDate) VALUES('33940','3993',to_date('2003-12-23 00:00:00','YYYY-MM-DD HH24:MI:SS'));
  INSERT into reporting.Appointment(AppointID,ClientID,AppointDate) VALUES('34026','3993',to_date('2004-01-14 00:00:00','YYYY-MM-DD HH24:MI:SS'));
  INSERT into reporting.Appointment(AppointID,ClientID,AppointDate) VALUES('34037','3582',to_date('2004-01-14 00:00:00','YYYY-MM-DD HH24:MI:SS'));
  INSERT into reporting.Appointment(AppointID,ClientID,AppointDate) VALUES('34131','3993',to_date('2004-01-21 00:00:00','YYYY-MM-DD HH24:MI:SS'));
  INSERT into reporting.Appointment(AppointID,ClientID,AppointDate) VALUES('34171','3291',to_date('2004-01-20 00:00:00','YYYY-MM-DD HH24:MI:SS'));
  INSERT into reporting.Appointment(AppointID,ClientID,AppointDate) VALUES('34252','3291',to_date('2004-03-04 00:00:00','YYYY-MM-DD HH24:MI:SS'));
  INSERT into reporting.Appointment(AppointID,ClientID,AppointDate) VALUES('34288','3582',to_date('2004-02-24 00:00:00','YYYY-MM-DD HH24:MI:SS'));
  INSERT into reporting.Appointment(AppointID,ClientID,AppointDate) VALUES('34361','3291',to_date('2004-03-11 00:00:00','YYYY-MM-DD HH24:MI:SS'));
  INSERT into reporting.Appointment(AppointID,ClientID,AppointDate) VALUES('34368','3582',to_date('2004-03-02 00:00:00','YYYY-MM-DD HH24:MI:SS'));
  INSERT into reporting.Appointment(AppointID,ClientID,AppointDate) VALUES('34369','3582',to_date('2004-03-16 00:00:00','YYYY-MM-DD HH24:MI:SS'));
  INSERT into reporting.Appointment(AppointID,ClientID,AppointDate) VALUES('34375','3993',to_date('2004-03-15 00:00:00','YYYY-MM-DD HH24:MI:SS'));
  INSERT into reporting.Appointment(AppointID,ClientID,AppointDate) VALUES('34389','3291',to_date('2004-03-25 00:00:00','YYYY-MM-DD HH24:MI:SS'));
  INSERT into reporting.Appointment(AppointID,ClientID,AppointDate) VALUES('34447','3291',to_date('2004-04-01 00:00:00','YYYY-MM-DD HH24:MI:SS'));
  INSERT into reporting.Appointment(AppointID,ClientID,AppointDate) VALUES('34511','3582',to_date('2004-03-23 00:00:00','YYYY-MM-DD HH24:MI:SS'));
  INSERT into reporting.Appointment(AppointID,ClientID,AppointDate) VALUES('34512','3582',to_date('2004-03-30 00:00:00','YYYY-MM-DD HH24:MI:SS'));
  INSERT into reporting.Appointment(AppointID,ClientID,AppointDate) VALUES('34513','3582',to_date('2004-04-06 00:00:00','YYYY-MM-DD HH24:MI:SS'));
  INSERT into reporting.Appointment(AppointID,ClientID,AppointDate) VALUES('34514','3582',to_date('2004-04-13 00:00:00','YYYY-MM-DD HH24:MI:SS'));
  INSERT into reporting.Appointment(AppointID,ClientID,AppointDate) VALUES('34576','3291',to_date('2004-04-15 00:00:00','YYYY-MM-DD HH24:MI:SS'));
  INSERT into reporting.Appointment(AppointID,ClientID,AppointDate) VALUES('34587','3582',to_date('2004-04-20 00:00:00','YYYY-MM-DD HH24:MI:SS'));
  INSERT into reporting.Appointment(AppointID,ClientID,AppointDate) VALUES('34624','3582',to_date('2004-04-27 00:00:00','YYYY-MM-DD HH24:MI:SS'));
  INSERT into reporting.Appointment(AppointID,ClientID,AppointDate) VALUES('34690','3582',to_date('2004-05-04 00:00:00','YYYY-MM-DD HH24:MI:SS'));
  INSERT into reporting.Appointment(AppointID,ClientID,AppointDate) VALUES('34691','3582',to_date('2004-05-05 00:00:00','YYYY-MM-DD HH24:MI:SS'));
  INSERT into reporting.Appointment(AppointID,ClientID,AppointDate) VALUES('34775','3582',to_date('2004-05-12 00:00:00','YYYY-MM-DD HH24:MI:SS'));
  INSERT into reporting.Appointment(AppointID,ClientID,AppointDate) VALUES('34776','3582',to_date('2004-06-02 00:00:00','YYYY-MM-DD HH24:MI:SS'));
  INSERT into reporting.Appointment(AppointID,ClientID,AppointDate) VALUES('34848','3582',to_date('2004-06-09 00:00:00','YYYY-MM-DD HH24:MI:SS'));
  INSERT into reporting.Appointment(AppointID,ClientID,AppointDate) VALUES('34876','3582',to_date('2004-06-09 00:00:00','YYYY-MM-DD HH24:MI:SS'));
  INSERT into reporting.Appointment(AppointID,ClientID,AppointDate) VALUES('34877','3582',to_date('2004-06-16 00:00:00','YYYY-MM-DD HH24:MI:SS'));
  INSERT into reporting.Appointment(AppointID,ClientID,AppointDate) VALUES('35000','3582',to_date('2004-06-23 00:00:00','YYYY-MM-DD HH24:MI:SS'));
  INSERT into reporting.Appointment(AppointID,ClientID,AppointDate) VALUES('35001','3582',to_date('2004-06-30 00:00:00','YYYY-MM-DD HH24:MI:SS'));
  INSERT into reporting.Appointment(AppointID,ClientID,AppointDate) VALUES('35026','3582',to_date('2004-07-14 00:00:00','YYYY-MM-DD HH24:MI:SS'));
  INSERT into reporting.Appointment(AppointID,ClientID,AppointDate) VALUES('35111','3582',to_date('2004-07-21 00:00:00','YYYY-MM-DD HH24:MI:SS'));
  INSERT into reporting.Appointment(AppointID,ClientID,AppointDate) VALUES('35163','3582',to_date('2004-07-28 00:00:00','YYYY-MM-DD HH24:MI:SS'));
  INSERT into reporting.Appointment(AppointID,ClientID,AppointDate) VALUES('35210','3582',to_date('2004-08-11 00:00:00','YYYY-MM-DD HH24:MI:SS'));
  INSERT into reporting.Appointment(AppointID,ClientID,AppointDate) VALUES('35419','3582',to_date('2004-09-08 00:00:00','YYYY-MM-DD HH24:MI:SS'));
  INSERT into reporting.Appointment(AppointID,ClientID,AppointDate) VALUES('35534','3993',to_date('2004-10-04 00:00:00','YYYY-MM-DD HH24:MI:SS'));
  INSERT into reporting.Appointment(AppointID,ClientID,AppointDate) VALUES('35630','3993',to_date('2004-10-21 00:00:00','YYYY-MM-DD HH24:MI:SS'));
  INSERT into reporting.Appointment(AppointID,ClientID,AppointDate) VALUES('35686','3993',to_date('2004-10-28 00:00:00','YYYY-MM-DD HH24:MI:SS'));
  INSERT into reporting.Appointment(AppointID,ClientID,AppointDate) VALUES('35763','3993',to_date('2004-11-04 00:00:00','YYYY-MM-DD HH24:MI:SS'));
  INSERT into reporting.Appointment(AppointID,ClientID,AppointDate) VALUES('35775','3993',to_date('2004-11-15 00:00:00','YYYY-MM-DD HH24:MI:SS'));
  INSERT into reporting.Appointment(AppointID,ClientID,AppointDate) VALUES('35794','3993',to_date('2004-11-11 00:00:00','YYYY-MM-DD HH24:MI:SS'));
  INSERT into reporting.Appointment(AppointID,ClientID,AppointDate) VALUES('3585','1231',to_date('2003-07-30 00:00:00','YYYY-MM-DD HH24:MI:SS'));
  INSERT into reporting.Appointment(AppointID,ClientID,AppointDate) VALUES('35853','3993',to_date('2004-11-19 00:00:00','YYYY-MM-DD HH24:MI:SS'));
  INSERT into reporting.Appointment(AppointID,ClientID,AppointDate) VALUES('35867','3993',to_date('2004-11-22 00:00:00','YYYY-MM-DD HH24:MI:SS'));
  INSERT into reporting.Appointment(AppointID,ClientID,AppointDate) VALUES('35937','3993',to_date('2004-11-26 00:00:00','YYYY-MM-DD HH24:MI:SS'));
  INSERT into reporting.Appointment(AppointID,ClientID,AppointDate) VALUES('35943','3993',to_date('2004-11-24 00:00:00','YYYY-MM-DD HH24:MI:SS'));
  INSERT into reporting.Appointment(AppointID,ClientID,AppointDate) VALUES('35946','3993',to_date('2004-11-26 00:00:00','YYYY-MM-DD HH24:MI:SS'));
  INSERT into reporting.Appointment(AppointID,ClientID,AppointDate) VALUES('35949','3993',to_date('2004-12-02 00:00:00','YYYY-MM-DD HH24:MI:SS'));
  INSERT into reporting.Appointment(AppointID,ClientID,AppointDate) VALUES('35956','3993',to_date('2004-11-22 00:00:00','YYYY-MM-DD HH24:MI:SS'));
  INSERT into reporting.Appointment(AppointID,ClientID,AppointDate) VALUES('35957','3993',to_date('2004-11-23 00:00:00','YYYY-MM-DD HH24:MI:SS'));
  INSERT into reporting.Appointment(AppointID,ClientID,AppointDate) VALUES('35958','3993',to_date('2004-11-23 00:00:00','YYYY-MM-DD HH24:MI:SS'));
  INSERT into reporting.Appointment(AppointID,ClientID,AppointDate) VALUES('35959','3993',to_date('2004-11-24 00:00:00','YYYY-MM-DD HH24:MI:SS'));
  INSERT into reporting.Appointment(AppointID,ClientID,AppointDate) VALUES('35960','3993',to_date('2004-11-25 00:00:00','YYYY-MM-DD HH24:MI:SS'));
  INSERT into reporting.Appointment(AppointID,ClientID,AppointDate) VALUES('35961','3993',to_date('2004-11-25 00:00:00','YYYY-MM-DD HH24:MI:SS'));
  INSERT into reporting.Appointment(AppointID,ClientID,AppointDate) VALUES('36011','3993',to_date('2004-12-09 00:00:00','YYYY-MM-DD HH24:MI:SS'));
  INSERT into reporting.Appointment(AppointID,ClientID,AppointDate) VALUES('36069','3993',to_date('2004-12-16 00:00:00','YYYY-MM-DD HH24:MI:SS'));
  INSERT into reporting.Appointment(AppointID,ClientID,AppointDate) VALUES('36125','3993',to_date('2004-12-23 00:00:00','YYYY-MM-DD HH24:MI:SS'));
  INSERT into reporting.Appointment(AppointID,ClientID,AppointDate) VALUES('36163','3993',to_date('2005-01-04 00:00:00','YYYY-MM-DD HH24:MI:SS'));
  INSERT into reporting.Appointment(AppointID,ClientID,AppointDate) VALUES('36175','3582',to_date('2005-01-19 00:00:00','YYYY-MM-DD HH24:MI:SS'));
  INSERT into reporting.Appointment(AppointID,ClientID,AppointDate) VALUES('36177','3582',to_date('2005-01-24 00:00:00','YYYY-MM-DD HH24:MI:SS'));
  INSERT into reporting.Appointment(AppointID,ClientID,AppointDate) VALUES('36188','3993',to_date('2005-01-13 00:00:00','YYYY-MM-DD HH24:MI:SS'));
  INSERT into reporting.Appointment(AppointID,ClientID,AppointDate) VALUES('36198','3993',to_date('2005-01-20 00:00:00','YYYY-MM-DD HH24:MI:SS'));
  INSERT into reporting.Appointment(AppointID,ClientID,AppointDate) VALUES('36292','3993',to_date('2005-01-27 00:00:00','YYYY-MM-DD HH24:MI:SS'));
  INSERT into reporting.Appointment(AppointID,ClientID,AppointDate) VALUES('36295','3582',to_date('2005-01-24 00:00:00','YYYY-MM-DD HH24:MI:SS'));
  INSERT into reporting.Appointment(AppointID,ClientID,AppointDate) VALUES('36307','3582',to_date('2005-02-01 00:00:00','YYYY-MM-DD HH24:MI:SS'));
  INSERT into reporting.Appointment(AppointID,ClientID,AppointDate) VALUES('36381','3582',to_date('2005-02-08 00:00:00','YYYY-MM-DD HH24:MI:SS'));
  INSERT into reporting.Appointment(AppointID,ClientID,AppointDate) VALUES('36386','3582',to_date('2005-02-15 00:00:00','YYYY-MM-DD HH24:MI:SS'));
  INSERT into reporting.Appointment(AppointID,ClientID,AppointDate) VALUES('36396','3993',to_date('2005-02-03 00:00:00','YYYY-MM-DD HH24:MI:SS'));
  INSERT into reporting.Appointment(AppointID,ClientID,AppointDate) VALUES('36400','3993',to_date('2005-02-10 00:00:00','YYYY-MM-DD HH24:MI:SS'));
  INSERT into reporting.Appointment(AppointID,ClientID,AppointDate) VALUES('36403','3993',to_date('2005-02-17 00:00:00','YYYY-MM-DD HH24:MI:SS'));
  INSERT into reporting.Appointment(AppointID,ClientID,AppointDate) VALUES('36439','3582',to_date('2005-02-18 00:00:00','YYYY-MM-DD HH24:MI:SS'));
  INSERT into reporting.Appointment(AppointID,ClientID,AppointDate) VALUES('36447','3993',to_date('2005-03-03 00:00:00','YYYY-MM-DD HH24:MI:SS'));
  INSERT into reporting.Appointment(AppointID,ClientID,AppointDate) VALUES('36465','3582',to_date('2005-02-22 00:00:00','YYYY-MM-DD HH24:MI:SS'));
  INSERT into reporting.Appointment(AppointID,ClientID,AppointDate) VALUES('36466','3582',to_date('2005-03-01 00:00:00','YYYY-MM-DD HH24:MI:SS'));
  INSERT into reporting.Appointment(AppointID,ClientID,AppointDate) VALUES('36513','3582',to_date('2005-03-22 00:00:00','YYYY-MM-DD HH24:MI:SS'));
  INSERT into reporting.Appointment(AppointID,ClientID,AppointDate) VALUES('36541','3993',to_date('2005-03-10 00:00:00','YYYY-MM-DD HH24:MI:SS'));
  INSERT into reporting.Appointment(AppointID,ClientID,AppointDate) VALUES('36545','3993',to_date('2005-03-17 00:00:00','YYYY-MM-DD HH24:MI:SS'));
  INSERT into reporting.Appointment(AppointID,ClientID,AppointDate) VALUES('36629','3582',to_date('2005-03-31 00:00:00','YYYY-MM-DD HH24:MI:SS'));
  INSERT into reporting.Appointment(AppointID,ClientID,AppointDate) VALUES('36634','3582',to_date('2005-04-14 00:00:00','YYYY-MM-DD HH24:MI:SS'));
  INSERT into reporting.Appointment(AppointID,ClientID,AppointDate) VALUES('36692','3993',to_date('2005-03-24 00:00:00','YYYY-MM-DD HH24:MI:SS'));
  INSERT into reporting.Appointment(AppointID,ClientID,AppointDate) VALUES('36693','3993',to_date('2005-04-07 00:00:00','YYYY-MM-DD HH24:MI:SS'));
  INSERT into reporting.Appointment(AppointID,ClientID,AppointDate) VALUES('36725','3993',to_date('2005-04-21 00:00:00','YYYY-MM-DD HH24:MI:SS'));
  INSERT into reporting.Appointment(AppointID,ClientID,AppointDate) VALUES('36790','3582',to_date('2005-04-21 00:00:00','YYYY-MM-DD HH24:MI:SS'));
  INSERT into reporting.Appointment(AppointID,ClientID,AppointDate) VALUES('36805','3582',to_date('2005-04-28 00:00:00','YYYY-MM-DD HH24:MI:SS'));
  INSERT into reporting.Appointment(AppointID,ClientID,AppointDate) VALUES('36840','3993',to_date('2005-04-28 00:00:00','YYYY-MM-DD HH24:MI:SS'));
  INSERT into reporting.Appointment(AppointID,ClientID,AppointDate) VALUES('36869','3993',to_date('2005-05-05 00:00:00','YYYY-MM-DD HH24:MI:SS'));
  INSERT into reporting.Appointment(AppointID,ClientID,AppointDate) VALUES('36929','3993',to_date('2005-05-12 00:00:00','YYYY-MM-DD HH24:MI:SS'));
  INSERT into reporting.Appointment(AppointID,ClientID,AppointDate) VALUES('36933','3993',to_date('2005-05-19 00:00:00','YYYY-MM-DD HH24:MI:SS'));
  INSERT into reporting.Appointment(AppointID,ClientID,AppointDate) VALUES('37004','3582',to_date('2005-05-24 00:00:00','YYYY-MM-DD HH24:MI:SS'));
  INSERT into reporting.Appointment(AppointID,ClientID,AppointDate) VALUES('37014','3993',to_date('2005-05-26 00:00:00','YYYY-MM-DD HH24:MI:SS'));
  INSERT into reporting.Appointment(AppointID,ClientID,AppointDate) VALUES('37036','3582',to_date('2005-05-17 00:00:00','YYYY-MM-DD HH24:MI:SS'));
  INSERT into reporting.Appointment(AppointID,ClientID,AppointDate) VALUES('37040','3582',to_date('2005-05-31 00:00:00','YYYY-MM-DD HH24:MI:SS'));
  INSERT into reporting.Appointment(AppointID,ClientID,AppointDate) VALUES('37066','3993',to_date('2005-06-02 00:00:00','YYYY-MM-DD HH24:MI:SS'));
  INSERT into reporting.Appointment(AppointID,ClientID,AppointDate) VALUES('37141','3993',to_date('2005-06-09 00:00:00','YYYY-MM-DD HH24:MI:SS'));
  INSERT into reporting.Appointment(AppointID,ClientID,AppointDate) VALUES('37145','3993',to_date('2005-06-16 00:00:00','YYYY-MM-DD HH24:MI:SS'));
  INSERT into reporting.Appointment(AppointID,ClientID,AppointDate) VALUES('37150','3582',to_date('2005-06-07 00:00:00','YYYY-MM-DD HH24:MI:SS'));
  INSERT into reporting.Appointment(AppointID,ClientID,AppointDate) VALUES('37153','3582',to_date('2005-06-14 00:00:00','YYYY-MM-DD HH24:MI:SS'));
  INSERT into reporting.Appointment(AppointID,ClientID,AppointDate) VALUES('37173','3582',to_date('2005-06-28 00:00:00','YYYY-MM-DD HH24:MI:SS'));
  INSERT into reporting.Appointment(AppointID,ClientID,AppointDate) VALUES('37244','3993',to_date('2005-06-30 00:00:00','YYYY-MM-DD HH24:MI:SS'));
  INSERT into reporting.Appointment(AppointID,ClientID,AppointDate) VALUES('37257','3582',to_date('2005-07-05 00:00:00','YYYY-MM-DD HH24:MI:SS'));
  INSERT into reporting.Appointment(AppointID,ClientID,AppointDate) VALUES('37273','3993',to_date('2005-07-21 00:00:00','YYYY-MM-DD HH24:MI:SS'));
  INSERT into reporting.Appointment(AppointID,ClientID,AppointDate) VALUES('37283','3582',to_date('2005-07-19 00:00:00','YYYY-MM-DD HH24:MI:SS'));
  INSERT into reporting.Appointment(AppointID,ClientID,AppointDate) VALUES('37320','2870',to_date('2005-07-18 00:00:00','YYYY-MM-DD HH24:MI:SS'));
  INSERT into reporting.Appointment(AppointID,ClientID,AppointDate) VALUES('37401','3993',to_date('2005-07-28 00:00:00','YYYY-MM-DD HH24:MI:SS'));
  INSERT into reporting.Appointment(AppointID,ClientID,AppointDate) VALUES('37443','3993',to_date('2005-08-04 00:00:00','YYYY-MM-DD HH24:MI:SS'));
  INSERT into reporting.Appointment(AppointID,ClientID,AppointDate) VALUES('37480','3993',to_date('2005-08-18 00:00:00','YYYY-MM-DD HH24:MI:SS'));
  INSERT into reporting.Appointment(AppointID,ClientID,AppointDate) VALUES('3757','290',to_date('2003-09-11 00:00:00','YYYY-MM-DD HH24:MI:SS'));
  INSERT into reporting.Appointment(AppointID,ClientID,AppointDate) VALUES('3758','290',to_date('2003-09-18 00:00:00','YYYY-MM-DD HH24:MI:SS'));
  INSERT into reporting.Appointment(AppointID,ClientID,AppointDate) VALUES('37597','3993',to_date('2005-08-25 00:00:00','YYYY-MM-DD HH24:MI:SS'));
  INSERT into reporting.Appointment(AppointID,ClientID,AppointDate) VALUES('37603','3993',to_date('2005-09-08 00:00:00','YYYY-MM-DD HH24:MI:SS'));
  INSERT into reporting.Appointment(AppointID,ClientID,AppointDate) VALUES('37604','3993',to_date('2005-09-15 00:00:00','YYYY-MM-DD HH24:MI:SS'));
  INSERT into reporting.Appointment(AppointID,ClientID,AppointDate) VALUES('37662','3993',to_date('2005-09-23 00:00:00','YYYY-MM-DD HH24:MI:SS'));
  INSERT into reporting.Appointment(AppointID,ClientID,AppointDate) VALUES('37710','3993',to_date('2005-09-29 00:00:00','YYYY-MM-DD HH24:MI:SS'));
  INSERT into reporting.Appointment(AppointID,ClientID,AppointDate) VALUES('37738','3993',to_date('2005-10-04 00:00:00','YYYY-MM-DD HH24:MI:SS'));
  INSERT into reporting.Appointment(AppointID,ClientID,AppointDate) VALUES('37780','3993',to_date('2005-10-13 00:00:00','YYYY-MM-DD HH24:MI:SS'));
  INSERT into reporting.Appointment(AppointID,ClientID,AppointDate) VALUES('37971','2876',to_date('2005-11-11 00:00:00','YYYY-MM-DD HH24:MI:SS'));
  INSERT into reporting.Appointment(AppointID,ClientID,AppointDate) VALUES('38040','3993',to_date('2005-10-20 00:00:00','YYYY-MM-DD HH24:MI:SS'));
  INSERT into reporting.Appointment(AppointID,ClientID,AppointDate) VALUES('38041','3993',to_date('2005-10-27 00:00:00','YYYY-MM-DD HH24:MI:SS'));
  INSERT into reporting.Appointment(AppointID,ClientID,AppointDate) VALUES('38042','3993',to_date('2005-11-03 00:00:00','YYYY-MM-DD HH24:MI:SS'));
  INSERT into reporting.Appointment(AppointID,ClientID,AppointDate) VALUES('38043','3993',to_date('2005-11-10 00:00:00','YYYY-MM-DD HH24:MI:SS'));
  INSERT into reporting.Appointment(AppointID,ClientID,AppointDate) VALUES('38228','3993',to_date('2005-11-17 00:00:00','YYYY-MM-DD HH24:MI:SS'));
  INSERT into reporting.Appointment(AppointID,ClientID,AppointDate) VALUES('38229','3993',to_date('2005-11-24 00:00:00','YYYY-MM-DD HH24:MI:SS'));
  INSERT into reporting.Appointment(AppointID,ClientID,AppointDate) VALUES('38230','3993',to_date('2005-12-01 00:00:00','YYYY-MM-DD HH24:MI:SS'));
  INSERT into reporting.Appointment(AppointID,ClientID,AppointDate) VALUES('38386','3993',to_date('2005-12-08 00:00:00','YYYY-MM-DD HH24:MI:SS'));
  INSERT into reporting.Appointment(AppointID,ClientID,AppointDate) VALUES('38387','3993',to_date('2005-12-15 00:00:00','YYYY-MM-DD HH24:MI:SS'));
  INSERT into reporting.Appointment(AppointID,ClientID,AppointDate) VALUES('38388','3993',to_date('2005-12-22 00:00:00','YYYY-MM-DD HH24:MI:SS'));
  INSERT into reporting.Appointment(AppointID,ClientID,AppointDate) VALUES('38389','3993',to_date('2006-01-05 00:00:00','YYYY-MM-DD HH24:MI:SS'));
  INSERT into reporting.Appointment(AppointID,ClientID,AppointDate) VALUES('38390','3993',to_date('2006-01-12 00:00:00','YYYY-MM-DD HH24:MI:SS'));
  INSERT into reporting.Appointment(AppointID,ClientID,AppointDate) VALUES('38508','3993',to_date('2006-01-18 00:00:00','YYYY-MM-DD HH24:MI:SS'));
  INSERT into reporting.Appointment(AppointID,ClientID,AppointDate) VALUES('38509','3993',to_date('2006-01-25 00:00:00','YYYY-MM-DD HH24:MI:SS'));
  INSERT into reporting.Appointment(AppointID,ClientID,AppointDate) VALUES('38564','3993',to_date('2006-02-01 00:00:00','YYYY-MM-DD HH24:MI:SS'));
  INSERT into reporting.Appointment(AppointID,ClientID,AppointDate) VALUES('38644','3993',to_date('2006-02-15 00:00:00','YYYY-MM-DD HH24:MI:SS'));
  INSERT into reporting.Appointment(AppointID,ClientID,AppointDate) VALUES('38766','3993',to_date('2006-02-22 00:00:00','YYYY-MM-DD HH24:MI:SS'));
  INSERT into reporting.Appointment(AppointID,ClientID,AppointDate) VALUES('38827','3993',to_date('2006-03-01 00:00:00','YYYY-MM-DD HH24:MI:SS'));
  INSERT into reporting.Appointment(AppointID,ClientID,AppointDate) VALUES('38838','3993',to_date('2006-03-08 00:00:00','YYYY-MM-DD HH24:MI:SS'));
  INSERT into reporting.Appointment(AppointID,ClientID,AppointDate) VALUES('38875','3993',to_date('2006-03-15 00:00:00','YYYY-MM-DD HH24:MI:SS'));
  INSERT into reporting.Appointment(AppointID,ClientID,AppointDate) VALUES('38930','3948',to_date('2006-04-20 00:00:00','YYYY-MM-DD HH24:MI:SS'));
  INSERT into reporting.Appointment(AppointID,ClientID,AppointDate) VALUES('38949','3993',to_date('2006-03-29 00:00:00','YYYY-MM-DD HH24:MI:SS'));
  INSERT into reporting.Appointment(AppointID,ClientID,AppointDate) VALUES('38954','3993',to_date('2006-04-05 00:00:00','YYYY-MM-DD HH24:MI:SS'));
  INSERT into reporting.Appointment(AppointID,ClientID,AppointDate) VALUES('38960','3993',to_date('2006-04-26 00:00:00','YYYY-MM-DD HH24:MI:SS'));
  INSERT into reporting.Appointment(AppointID,ClientID,AppointDate) VALUES('39046','2876',to_date('2006-05-11 00:00:00','YYYY-MM-DD HH24:MI:SS'));
  INSERT into reporting.Appointment(AppointID,ClientID,AppointDate) VALUES('39137','3993',to_date('2006-05-03 00:00:00','YYYY-MM-DD HH24:MI:SS'));
  INSERT into reporting.Appointment(AppointID,ClientID,AppointDate) VALUES('39138','3993',to_date('2006-05-10 00:00:00','YYYY-MM-DD HH24:MI:SS'));
  INSERT into reporting.Appointment(AppointID,ClientID,AppointDate) VALUES('39148','316600',to_date('2006-05-15 00:00:00','YYYY-MM-DD HH24:MI:SS'));
  INSERT into reporting.Appointment(AppointID,ClientID,AppointDate) VALUES('39166','316600',to_date('2006-05-24 00:00:00','YYYY-MM-DD HH24:MI:SS'));
  INSERT into reporting.Appointment(AppointID,ClientID,AppointDate) VALUES('39170','3993',to_date('2006-06-07 00:00:00','YYYY-MM-DD HH24:MI:SS'));
  INSERT into reporting.Appointment(AppointID,ClientID,AppointDate) VALUES('39225','3948',to_date('2006-05-31 00:00:00','YYYY-MM-DD HH24:MI:SS'));
  INSERT into reporting.Appointment(AppointID,ClientID,AppointDate) VALUES('39276','3948',to_date('2006-06-07 00:00:00','YYYY-MM-DD HH24:MI:SS'));
  INSERT into reporting.Appointment(AppointID,ClientID,AppointDate) VALUES('39329','3993',to_date('2006-06-14 00:00:00','YYYY-MM-DD HH24:MI:SS'));
  INSERT into reporting.Appointment(AppointID,ClientID,AppointDate) VALUES('39333','3738',to_date('2006-06-23 00:00:00','YYYY-MM-DD HH24:MI:SS'));
  INSERT into reporting.Appointment(AppointID,ClientID,AppointDate) VALUES('39337','3948',to_date('2006-06-21 00:00:00','YYYY-MM-DD HH24:MI:SS'));
  INSERT into reporting.Appointment(AppointID,ClientID,AppointDate) VALUES('39409','3948',to_date('2006-06-28 00:00:00','YYYY-MM-DD HH24:MI:SS'));
  INSERT into reporting.Appointment(AppointID,ClientID,AppointDate) VALUES('39439','3948',to_date('2006-07-05 00:00:00','YYYY-MM-DD HH24:MI:SS'));
  INSERT into reporting.Appointment(AppointID,ClientID,AppointDate) VALUES('39457','316600',to_date('2006-07-13 00:00:00','YYYY-MM-DD HH24:MI:SS'));
  INSERT into reporting.Appointment(AppointID,ClientID,AppointDate) VALUES('39489','3948',to_date('2006-07-12 00:00:00','YYYY-MM-DD HH24:MI:SS'));
  INSERT into reporting.Appointment(AppointID,ClientID,AppointDate) VALUES('39529','316600',to_date('2006-07-27 00:00:00','YYYY-MM-DD HH24:MI:SS'));
  INSERT into reporting.Appointment(AppointID,ClientID,AppointDate) VALUES('39568','3948',to_date('2006-07-19 00:00:00','YYYY-MM-DD HH24:MI:SS'));
  INSERT into reporting.Appointment(AppointID,ClientID,AppointDate) VALUES('39584','316600',to_date('2006-07-20 00:00:00','YYYY-MM-DD HH24:MI:SS'));
  INSERT into reporting.Appointment(AppointID,ClientID,AppointDate) VALUES('39607','3738',to_date('2006-08-03 00:00:00','YYYY-MM-DD HH24:MI:SS'));
  INSERT into reporting.Appointment(AppointID,ClientID,AppointDate) VALUES('39613','3948',to_date('2006-07-26 00:00:00','YYYY-MM-DD HH24:MI:SS'));
  INSERT into reporting.Appointment(AppointID,ClientID,AppointDate) VALUES('39615','3948',to_date('2006-08-02 00:00:00','YYYY-MM-DD HH24:MI:SS'));
  INSERT into reporting.Appointment(AppointID,ClientID,AppointDate) VALUES('39632','316600',to_date('2006-08-03 00:00:00','YYYY-MM-DD HH24:MI:SS'));
  INSERT into reporting.Appointment(AppointID,ClientID,AppointDate) VALUES('39746','3738',to_date('2006-08-10 00:00:00','YYYY-MM-DD HH24:MI:SS'));
  INSERT into reporting.Appointment(AppointID,ClientID,AppointDate) VALUES('39753','3738',to_date('2006-08-24 00:00:00','YYYY-MM-DD HH24:MI:SS'));
  INSERT into reporting.Appointment(AppointID,ClientID,AppointDate) VALUES('39820','3948',to_date('2006-09-23 00:00:00','YYYY-MM-DD HH24:MI:SS'));
  INSERT into reporting.Appointment(AppointID,ClientID,AppointDate) VALUES('39864','3738',to_date('2006-09-28 00:00:00','YYYY-MM-DD HH24:MI:SS'));
  INSERT into reporting.Appointment(AppointID,ClientID,AppointDate) VALUES('39986','3738',to_date('2006-11-23 00:00:00','YYYY-MM-DD HH24:MI:SS'));
  INSERT into reporting.Appointment(AppointID,ClientID,AppointDate) VALUES('4000','106600',to_date('2003-11-11 00:00:00','YYYY-MM-DD HH24:MI:SS'));
  INSERT into reporting.Appointment(AppointID,ClientID,AppointDate) VALUES('4003','299',to_date('2003-11-11 00:00:00','YYYY-MM-DD HH24:MI:SS'));
  INSERT into reporting.Appointment(AppointID,ClientID,AppointDate) VALUES('40473','3993',to_date('2006-12-21 00:00:00','YYYY-MM-DD HH24:MI:SS'));
  INSERT into reporting.Appointment(AppointID,ClientID,AppointDate) VALUES('40607','3993',to_date('2007-01-08 00:00:00','YYYY-MM-DD HH24:MI:SS'));
  INSERT into reporting.Appointment(AppointID,ClientID,AppointDate) VALUES('40678','3738',to_date('2007-01-25 00:00:00','YYYY-MM-DD HH24:MI:SS'));
  INSERT into reporting.Appointment(AppointID,ClientID,AppointDate) VALUES('4082','106600',to_date('2003-11-20 00:00:00','YYYY-MM-DD HH24:MI:SS'));
  INSERT into reporting.Appointment(AppointID,ClientID,AppointDate) VALUES('40967','3993',to_date('2007-03-14 00:00:00','YYYY-MM-DD HH24:MI:SS'));
  INSERT into reporting.Appointment(AppointID,ClientID,AppointDate) VALUES('4100','290',to_date('2003-11-21 00:00:00','YYYY-MM-DD HH24:MI:SS'));
  INSERT into reporting.Appointment(AppointID,ClientID,AppointDate) VALUES('4101','290',to_date('2003-11-28 00:00:00','YYYY-MM-DD HH24:MI:SS'));
  INSERT into reporting.Appointment(AppointID,ClientID,AppointDate) VALUES('41049','3993',to_date('2007-04-04 00:00:00','YYYY-MM-DD HH24:MI:SS'));
  INSERT into reporting.Appointment(AppointID,ClientID,AppointDate) VALUES('41208','3993',to_date('2007-04-18 00:00:00','YYYY-MM-DD HH24:MI:SS'));
  INSERT into reporting.Appointment(AppointID,ClientID,AppointDate) VALUES('41267','3993',to_date('2007-05-16 00:00:00','YYYY-MM-DD HH24:MI:SS'));
  INSERT into reporting.Appointment(AppointID,ClientID,AppointDate) VALUES('4132','106600',to_date('2003-12-09 00:00:00','YYYY-MM-DD HH24:MI:SS'));
  INSERT into reporting.Appointment(AppointID,ClientID,AppointDate) VALUES('42472','3148',to_date('2007-10-10 00:00:00','YYYY-MM-DD HH24:MI:SS'));
  INSERT into reporting.Appointment(AppointID,ClientID,AppointDate) VALUES('42473','3148',to_date('2007-10-24 00:00:00','YYYY-MM-DD HH24:MI:SS'));
  INSERT into reporting.Appointment(AppointID,ClientID,AppointDate) VALUES('43902','3219',to_date('2008-07-09 00:00:00','YYYY-MM-DD HH24:MI:SS'));
  INSERT into reporting.Appointment(AppointID,ClientID,AppointDate) VALUES('44127','3219',to_date('2008-08-06 00:00:00','YYYY-MM-DD HH24:MI:SS'));
  INSERT into reporting.Appointment(AppointID,ClientID,AppointDate) VALUES('44182','3219',to_date('2008-08-13 00:00:00','YYYY-MM-DD HH24:MI:SS'));
  INSERT into reporting.Appointment(AppointID,ClientID,AppointDate) VALUES('44344','3582',to_date('2008-09-24 00:00:00','YYYY-MM-DD HH24:MI:SS'));
  INSERT into reporting.Appointment(AppointID,ClientID,AppointDate) VALUES('4461','106600',to_date('2004-02-24 00:00:00','YYYY-MM-DD HH24:MI:SS'));
  INSERT into reporting.Appointment(AppointID,ClientID,AppointDate) VALUES('44749','3582',to_date('2008-10-27 00:00:00','YYYY-MM-DD HH24:MI:SS'));
  INSERT into reporting.Appointment(AppointID,ClientID,AppointDate) VALUES('44831','3582',to_date('2008-11-11 00:00:00','YYYY-MM-DD HH24:MI:SS'));
  INSERT into reporting.Appointment(AppointID,ClientID,AppointDate) VALUES('44832','3582',to_date('2008-11-24 00:00:00','YYYY-MM-DD HH24:MI:SS'));
  INSERT into reporting.Appointment(AppointID,ClientID,AppointDate) VALUES('44992','3582',to_date('2008-12-02 00:00:00','YYYY-MM-DD HH24:MI:SS'));
  INSERT into reporting.Appointment(AppointID,ClientID,AppointDate) VALUES('44993','3582',to_date('2008-12-16 00:00:00','YYYY-MM-DD HH24:MI:SS'));
  INSERT into reporting.Appointment(AppointID,ClientID,AppointDate) VALUES('4506','106600',to_date('2004-03-03 00:00:00','YYYY-MM-DD HH24:MI:SS'));
  INSERT into reporting.Appointment(AppointID,ClientID,AppointDate) VALUES('45114','3582',to_date('2009-01-08 00:00:00','YYYY-MM-DD HH24:MI:SS'));
  INSERT into reporting.Appointment(AppointID,ClientID,AppointDate) VALUES('45187','3582',to_date('2009-01-20 00:00:00','YYYY-MM-DD HH24:MI:SS'));
  INSERT into reporting.Appointment(AppointID,ClientID,AppointDate) VALUES('45276','3582',to_date('2009-02-03 00:00:00','YYYY-MM-DD HH24:MI:SS'));
  INSERT into reporting.Appointment(AppointID,ClientID,AppointDate) VALUES('45357','3582',to_date('2009-02-09 00:00:00','YYYY-MM-DD HH24:MI:SS'));
  INSERT into reporting.Appointment(AppointID,ClientID,AppointDate) VALUES('45494','3582',to_date('2009-01-27 00:00:00','YYYY-MM-DD HH24:MI:SS'));
  INSERT into reporting.Appointment(AppointID,ClientID,AppointDate) VALUES('45513','3582',to_date('2009-02-24 00:00:00','YYYY-MM-DD HH24:MI:SS'));
  INSERT into reporting.Appointment(AppointID,ClientID,AppointDate) VALUES('45925','3299',to_date('2009-05-11 00:00:00','YYYY-MM-DD HH24:MI:SS'));
  INSERT into reporting.Appointment(AppointID,ClientID,AppointDate) VALUES('4613','1867',to_date('2004-04-02 00:00:00','YYYY-MM-DD HH24:MI:SS'));
  INSERT into reporting.Appointment(AppointID,ClientID,AppointDate) VALUES('46166','3299',to_date('2009-06-02 00:00:00','YYYY-MM-DD HH24:MI:SS'));
  INSERT into reporting.Appointment(AppointID,ClientID,AppointDate) VALUES('46167','3299',to_date('2009-06-09 00:00:00','YYYY-MM-DD HH24:MI:SS'));
  INSERT into reporting.Appointment(AppointID,ClientID,AppointDate) VALUES('4661','1867',to_date('2004-03-16 00:00:00','YYYY-MM-DD HH24:MI:SS'));
  INSERT into reporting.Appointment(AppointID,ClientID,AppointDate) VALUES('46667','3582',to_date('2009-09-17 00:00:00','YYYY-MM-DD HH24:MI:SS'));
  INSERT into reporting.Appointment(AppointID,ClientID,AppointDate) VALUES('46977','4215',to_date('2008-10-15 00:00:00','YYYY-MM-DD HH24:MI:SS'));
  INSERT into reporting.Appointment(AppointID,ClientID,AppointDate) VALUES('46978','4215',to_date('2008-10-22 00:00:00','YYYY-MM-DD HH24:MI:SS'));
  INSERT into reporting.Appointment(AppointID,ClientID,AppointDate) VALUES('46979','4215',to_date('2008-10-27 00:00:00','YYYY-MM-DD HH24:MI:SS'));
  INSERT into reporting.Appointment(AppointID,ClientID,AppointDate) VALUES('46980','4215',to_date('2008-11-03 00:00:00','YYYY-MM-DD HH24:MI:SS'));
  INSERT into reporting.Appointment(AppointID,ClientID,AppointDate) VALUES('46981','4215',to_date('2008-11-13 00:00:00','YYYY-MM-DD HH24:MI:SS'));
  INSERT into reporting.Appointment(AppointID,ClientID,AppointDate) VALUES('46982','4215',to_date('2008-11-20 00:00:00','YYYY-MM-DD HH24:MI:SS'));
  INSERT into reporting.Appointment(AppointID,ClientID,AppointDate) VALUES('46983','4215',to_date('2009-03-12 00:00:00','YYYY-MM-DD HH24:MI:SS'));
  INSERT into reporting.Appointment(AppointID,ClientID,AppointDate) VALUES('46984','4215',to_date('2009-03-19 00:00:00','YYYY-MM-DD HH24:MI:SS'));
  INSERT into reporting.Appointment(AppointID,ClientID,AppointDate) VALUES('46985','4215',to_date('2009-03-24 00:00:00','YYYY-MM-DD HH24:MI:SS'));
  INSERT into reporting.Appointment(AppointID,ClientID,AppointDate) VALUES('46986','4215',to_date('2009-04-02 00:00:00','YYYY-MM-DD HH24:MI:SS'));
  INSERT into reporting.Appointment(AppointID,ClientID,AppointDate) VALUES('46987','4215',to_date('2009-04-09 00:00:00','YYYY-MM-DD HH24:MI:SS'));
  INSERT into reporting.Appointment(AppointID,ClientID,AppointDate) VALUES('46988','4215',to_date('2009-04-16 00:00:00','YYYY-MM-DD HH24:MI:SS'));
  INSERT into reporting.Appointment(AppointID,ClientID,AppointDate) VALUES('46989','4215',to_date('2009-01-15 00:00:00','YYYY-MM-DD HH24:MI:SS'));
  INSERT into reporting.Appointment(AppointID,ClientID,AppointDate) VALUES('46990','4215',to_date('2009-01-22 00:00:00','YYYY-MM-DD HH24:MI:SS'));
  INSERT into reporting.Appointment(AppointID,ClientID,AppointDate) VALUES('46991','4215',to_date('2009-02-05 00:00:00','YYYY-MM-DD HH24:MI:SS'));
  INSERT into reporting.Appointment(AppointID,ClientID,AppointDate) VALUES('46992','4215',to_date('2009-02-12 00:00:00','YYYY-MM-DD HH24:MI:SS'));
  INSERT into reporting.Appointment(AppointID,ClientID,AppointDate) VALUES('46993','4215',to_date('2009-02-19 00:00:00','YYYY-MM-DD HH24:MI:SS'));
  INSERT into reporting.Appointment(AppointID,ClientID,AppointDate) VALUES('46994','4215',to_date('2009-03-05 00:00:00','YYYY-MM-DD HH24:MI:SS'));
  INSERT into reporting.Appointment(AppointID,ClientID,AppointDate) VALUES('46995','4215',to_date('2008-11-27 00:00:00','YYYY-MM-DD HH24:MI:SS'));
  INSERT into reporting.Appointment(AppointID,ClientID,AppointDate) VALUES('46996','4215',to_date('2008-12-04 00:00:00','YYYY-MM-DD HH24:MI:SS'));
  INSERT into reporting.Appointment(AppointID,ClientID,AppointDate) VALUES('46997','4215',to_date('2008-12-11 00:00:00','YYYY-MM-DD HH24:MI:SS'));
  INSERT into reporting.Appointment(AppointID,ClientID,AppointDate) VALUES('46998','4215',to_date('2008-12-18 00:00:00','YYYY-MM-DD HH24:MI:SS'));
  INSERT into reporting.Appointment(AppointID,ClientID,AppointDate) VALUES('46999','4215',to_date('2008-12-23 00:00:00','YYYY-MM-DD HH24:MI:SS'));
  INSERT into reporting.Appointment(AppointID,ClientID,AppointDate) VALUES('47000','4215',to_date('2009-01-08 00:00:00','YYYY-MM-DD HH24:MI:SS'));
  INSERT into reporting.Appointment(AppointID,ClientID,AppointDate) VALUES('47111','4224',to_date('2010-01-11 00:00:00','YYYY-MM-DD HH24:MI:SS'));
  INSERT into reporting.Appointment(AppointID,ClientID,AppointDate) VALUES('4728','478',to_date('2004-04-27 00:00:00','YYYY-MM-DD HH24:MI:SS'));
  INSERT into reporting.Appointment(AppointID,ClientID,AppointDate) VALUES('4835','1867',to_date('2004-05-11 00:00:00','YYYY-MM-DD HH24:MI:SS'));
  INSERT into reporting.Appointment(AppointID,ClientID,AppointDate) VALUES('48424','4316',to_date('2007-05-30 00:00:00','YYYY-MM-DD HH24:MI:SS'));
  INSERT into reporting.Appointment(AppointID,ClientID,AppointDate) VALUES('4943','1867',to_date('2004-05-18 00:00:00','YYYY-MM-DD HH24:MI:SS'));
  INSERT into reporting.Appointment(AppointID,ClientID,AppointDate) VALUES('4971','1867',to_date('2004-05-25 00:00:00','YYYY-MM-DD HH24:MI:SS'));
  INSERT into reporting.Appointment(AppointID,ClientID,AppointDate) VALUES('5039','1867',to_date('2004-06-15 00:00:00','YYYY-MM-DD HH24:MI:SS'));
  INSERT into reporting.Appointment(AppointID,ClientID,AppointDate) VALUES('5071','478',to_date('2004-06-04 00:00:00','YYYY-MM-DD HH24:MI:SS'));
  INSERT into reporting.Appointment(AppointID,ClientID,AppointDate) VALUES('5072','478',to_date('2004-06-18 00:00:00','YYYY-MM-DD HH24:MI:SS'));
  INSERT into reporting.Appointment(AppointID,ClientID,AppointDate) VALUES('5113','1867',to_date('2004-06-22 00:00:00','YYYY-MM-DD HH24:MI:SS'));
  INSERT into reporting.Appointment(AppointID,ClientID,AppointDate) VALUES('5172','1867',to_date('2004-06-29 00:00:00','YYYY-MM-DD HH24:MI:SS'));
  INSERT into reporting.Appointment(AppointID,ClientID,AppointDate) VALUES('5205','1867',to_date('2004-07-02 00:00:00','YYYY-MM-DD HH24:MI:SS'));
  INSERT into reporting.Appointment(AppointID,ClientID,AppointDate) VALUES('5215','1867',to_date('2004-07-09 00:00:00','YYYY-MM-DD HH24:MI:SS'));
  INSERT into reporting.Appointment(AppointID,ClientID,AppointDate) VALUES('52437','4612',to_date('2008-02-25 00:00:00','YYYY-MM-DD HH24:MI:SS'));
  INSERT into reporting.Appointment(AppointID,ClientID,AppointDate) VALUES('52445','4612',to_date('2008-03-13 00:00:00','YYYY-MM-DD HH24:MI:SS'));
  INSERT into reporting.Appointment(AppointID,ClientID,AppointDate) VALUES('52447','4612',to_date('2008-03-20 00:00:00','YYYY-MM-DD HH24:MI:SS'));
  INSERT into reporting.Appointment(AppointID,ClientID,AppointDate) VALUES('52450','4612',to_date('2008-04-14 00:00:00','YYYY-MM-DD HH24:MI:SS'));
  INSERT into reporting.Appointment(AppointID,ClientID,AppointDate) VALUES('52454','4612',to_date('2008-04-21 00:00:00','YYYY-MM-DD HH24:MI:SS'));
  INSERT into reporting.Appointment(AppointID,ClientID,AppointDate) VALUES('52475','4612',to_date('2008-04-25 00:00:00','YYYY-MM-DD HH24:MI:SS'));
  INSERT into reporting.Appointment(AppointID,ClientID,AppointDate) VALUES('52476','4612',to_date('2008-04-29 00:00:00','YYYY-MM-DD HH24:MI:SS'));
  INSERT into reporting.Appointment(AppointID,ClientID,AppointDate) VALUES('52477','4612',to_date('2008-05-06 00:00:00','YYYY-MM-DD HH24:MI:SS'));
  INSERT into reporting.Appointment(AppointID,ClientID,AppointDate) VALUES('52480','4612',to_date('2008-05-09 00:00:00','YYYY-MM-DD HH24:MI:SS'));
  INSERT into reporting.Appointment(AppointID,ClientID,AppointDate) VALUES('52481','4612',to_date('2008-05-09 00:00:00','YYYY-MM-DD HH24:MI:SS'));
  INSERT into reporting.Appointment(AppointID,ClientID,AppointDate) VALUES('52484','4612',to_date('2008-05-13 00:00:00','YYYY-MM-DD HH24:MI:SS'));
  INSERT into reporting.Appointment(AppointID,ClientID,AppointDate) VALUES('52485','4612',to_date('2008-05-13 00:00:00','YYYY-MM-DD HH24:MI:SS'));
  INSERT into reporting.Appointment(AppointID,ClientID,AppointDate) VALUES('52486','4612',to_date('2008-05-13 00:00:00','YYYY-MM-DD HH24:MI:SS'));
  INSERT into reporting.Appointment(AppointID,ClientID,AppointDate) VALUES('52507','4612',to_date('2008-05-20 00:00:00','YYYY-MM-DD HH24:MI:SS'));
  INSERT into reporting.Appointment(AppointID,ClientID,AppointDate) VALUES('52508','4612',to_date('2008-05-30 00:00:00','YYYY-MM-DD HH24:MI:SS'));
  INSERT into reporting.Appointment(AppointID,ClientID,AppointDate) VALUES('5252','1867',to_date('2004-07-13 00:00:00','YYYY-MM-DD HH24:MI:SS'));
  INSERT into reporting.Appointment(AppointID,ClientID,AppointDate) VALUES('52580','4612',to_date('2008-07-14 00:00:00','YYYY-MM-DD HH24:MI:SS'));
  INSERT into reporting.Appointment(AppointID,ClientID,AppointDate) VALUES('53591','5798',to_date('1999-02-12 00:00:00','YYYY-MM-DD HH24:MI:SS'));
  INSERT into reporting.Appointment(AppointID,ClientID,AppointDate) VALUES('53592','5798',to_date('1999-02-26 00:00:00','YYYY-MM-DD HH24:MI:SS'));
  INSERT into reporting.Appointment(AppointID,ClientID,AppointDate) VALUES('53609','5798',to_date('1999-03-03 00:00:00','YYYY-MM-DD HH24:MI:SS'));
  INSERT into reporting.Appointment(AppointID,ClientID,AppointDate) VALUES('53610','5798',to_date('1999-03-10 00:00:00','YYYY-MM-DD HH24:MI:SS'));
  INSERT into reporting.Appointment(AppointID,ClientID,AppointDate) VALUES('53611','5798',to_date('1999-03-17 00:00:00','YYYY-MM-DD HH24:MI:SS'));
  INSERT into reporting.Appointment(AppointID,ClientID,AppointDate) VALUES('53612','5798',to_date('1999-03-25 00:00:00','YYYY-MM-DD HH24:MI:SS'));
  INSERT into reporting.Appointment(AppointID,ClientID,AppointDate) VALUES('53671','5798',to_date('1999-04-01 00:00:00','YYYY-MM-DD HH24:MI:SS'));
  INSERT into reporting.Appointment(AppointID,ClientID,AppointDate) VALUES('53672','5798',to_date('1999-04-06 00:00:00','YYYY-MM-DD HH24:MI:SS'));
  INSERT into reporting.Appointment(AppointID,ClientID,AppointDate) VALUES('53673','5798',to_date('1999-04-19 00:00:00','YYYY-MM-DD HH24:MI:SS'));
  INSERT into reporting.Appointment(AppointID,ClientID,AppointDate) VALUES('53674','5798',to_date('1999-04-28 00:00:00','YYYY-MM-DD HH24:MI:SS'));
  INSERT into reporting.Appointment(AppointID,ClientID,AppointDate) VALUES('53710','5798',to_date('1999-05-06 00:00:00','YYYY-MM-DD HH24:MI:SS'));
  INSERT into reporting.Appointment(AppointID,ClientID,AppointDate) VALUES('53711','5798',to_date('1999-05-20 00:00:00','YYYY-MM-DD HH24:MI:SS'));
  INSERT into reporting.Appointment(AppointID,ClientID,AppointDate) VALUES('53729','5798',to_date('1999-05-13 00:00:00','YYYY-MM-DD HH24:MI:SS'));
  INSERT into reporting.Appointment(AppointID,ClientID,AppointDate) VALUES('53779','5798',to_date('1999-07-01 00:00:00','YYYY-MM-DD HH24:MI:SS'));
  INSERT into reporting.Appointment(AppointID,ClientID,AppointDate) VALUES('53787','5798',to_date('1999-06-10 00:00:00','YYYY-MM-DD HH24:MI:SS'));
  INSERT into reporting.Appointment(AppointID,ClientID,AppointDate) VALUES('53797','5798',to_date('1999-06-17 00:00:00','YYYY-MM-DD HH24:MI:SS'));
  INSERT into reporting.Appointment(AppointID,ClientID,AppointDate) VALUES('53811','5798',to_date('1999-06-25 00:00:00','YYYY-MM-DD HH24:MI:SS'));
  INSERT into reporting.Appointment(AppointID,ClientID,AppointDate) VALUES('53829','5798',to_date('1999-07-08 00:00:00','YYYY-MM-DD HH24:MI:SS'));
  INSERT into reporting.Appointment(AppointID,ClientID,AppointDate) VALUES('53854','5798',to_date('1999-07-19 00:00:00','YYYY-MM-DD HH24:MI:SS'));
  INSERT into reporting.Appointment(AppointID,ClientID,AppointDate) VALUES('53907','5798',to_date('1999-08-10 00:00:00','YYYY-MM-DD HH24:MI:SS'));
  INSERT into reporting.Appointment(AppointID,ClientID,AppointDate) VALUES('53916','5798',to_date('1999-08-13 00:00:00','YYYY-MM-DD HH24:MI:SS'));
  INSERT into reporting.Appointment(AppointID,ClientID,AppointDate) VALUES('53924','5798',to_date('1999-08-24 00:00:00','YYYY-MM-DD HH24:MI:SS'));
  INSERT into reporting.Appointment(AppointID,ClientID,AppointDate) VALUES('53954','5798',to_date('1999-09-08 00:00:00','YYYY-MM-DD HH24:MI:SS'));
  INSERT into reporting.Appointment(AppointID,ClientID,AppointDate) VALUES('53972','5798',to_date('1999-10-06 00:00:00','YYYY-MM-DD HH24:MI:SS'));
  INSERT into reporting.Appointment(AppointID,ClientID,AppointDate) VALUES('5398','508',to_date('2004-06-18 00:00:00','YYYY-MM-DD HH24:MI:SS'));
  INSERT into reporting.Appointment(AppointID,ClientID,AppointDate) VALUES('53984','5798',to_date('1999-09-16 00:00:00','YYYY-MM-DD HH24:MI:SS'));
  INSERT into reporting.Appointment(AppointID,ClientID,AppointDate) VALUES('54001','5798',to_date('1999-09-28 00:00:00','YYYY-MM-DD HH24:MI:SS'));
  INSERT into reporting.Appointment(AppointID,ClientID,AppointDate) VALUES('54011','5798',to_date('1999-10-12 00:00:00','YYYY-MM-DD HH24:MI:SS'));
  INSERT into reporting.Appointment(AppointID,ClientID,AppointDate) VALUES('54019','5798',to_date('1999-10-20 00:00:00','YYYY-MM-DD HH24:MI:SS'));
  INSERT into reporting.Appointment(AppointID,ClientID,AppointDate) VALUES('54054','5798',to_date('1999-11-03 00:00:00','YYYY-MM-DD HH24:MI:SS'));
  INSERT into reporting.Appointment(AppointID,ClientID,AppointDate) VALUES('54077','5798',to_date('1999-11-17 00:00:00','YYYY-MM-DD HH24:MI:SS'));
  INSERT into reporting.Appointment(AppointID,ClientID,AppointDate) VALUES('54100','5798',to_date('1999-12-01 00:00:00','YYYY-MM-DD HH24:MI:SS'));
  INSERT into reporting.Appointment(AppointID,ClientID,AppointDate) VALUES('54110','5798',to_date('1999-12-15 00:00:00','YYYY-MM-DD HH24:MI:SS'));
  INSERT into reporting.Appointment(AppointID,ClientID,AppointDate) VALUES('54137','5798',to_date('2000-01-13 00:00:00','YYYY-MM-DD HH24:MI:SS'));
  INSERT into reporting.Appointment(AppointID,ClientID,AppointDate) VALUES('54147','5798',to_date('2000-01-24 00:00:00','YYYY-MM-DD HH24:MI:SS'));
  INSERT into reporting.Appointment(AppointID,ClientID,AppointDate) VALUES('54165','5798',to_date('2000-02-07 00:00:00','YYYY-MM-DD HH24:MI:SS'));
  INSERT into reporting.Appointment(AppointID,ClientID,AppointDate) VALUES('5722','508',to_date('2004-10-01 00:00:00','YYYY-MM-DD HH24:MI:SS'));
  INSERT into reporting.Appointment(AppointID,ClientID,AppointDate) VALUES('5764','508',to_date('2004-10-08 00:00:00','YYYY-MM-DD HH24:MI:SS'));
  INSERT into reporting.Appointment(AppointID,ClientID,AppointDate) VALUES('5789','508',to_date('2004-10-15 00:00:00','YYYY-MM-DD HH24:MI:SS'));
  INSERT into reporting.Appointment(AppointID,ClientID,AppointDate) VALUES('5825','508',to_date('2004-10-22 00:00:00','YYYY-MM-DD HH24:MI:SS'));
  INSERT into reporting.Appointment(AppointID,ClientID,AppointDate) VALUES('5877','508',to_date('2004-10-29 00:00:00','YYYY-MM-DD HH24:MI:SS'));
  INSERT into reporting.Appointment(AppointID,ClientID,AppointDate) VALUES('5904','508',to_date('2004-11-04 00:00:00','YYYY-MM-DD HH24:MI:SS'));
  INSERT into reporting.Appointment(AppointID,ClientID,AppointDate) VALUES('5940','508',to_date('2004-11-11 00:00:00','YYYY-MM-DD HH24:MI:SS'));
  INSERT into reporting.Appointment(AppointID,ClientID,AppointDate) VALUES('59591','4939',to_date('2004-07-12 00:00:00','YYYY-MM-DD HH24:MI:SS'));
  INSERT into reporting.Appointment(AppointID,ClientID,AppointDate) VALUES('5974','508',to_date('2004-11-18 00:00:00','YYYY-MM-DD HH24:MI:SS'));
  INSERT into reporting.Appointment(AppointID,ClientID,AppointDate) VALUES('6015','508',to_date('2004-12-01 00:00:00','YYYY-MM-DD HH24:MI:SS'));
  INSERT into reporting.Appointment(AppointID,ClientID,AppointDate) VALUES('60161','5798',to_date('2004-10-27 00:00:00','YYYY-MM-DD HH24:MI:SS'));
  INSERT into reporting.Appointment(AppointID,ClientID,AppointDate) VALUES('60778','5411',to_date('2005-03-08 00:00:00','YYYY-MM-DD HH24:MI:SS'));
  INSERT into reporting.Appointment(AppointID,ClientID,AppointDate) VALUES('6091','508',to_date('2004-12-10 00:00:00','YYYY-MM-DD HH24:MI:SS'));
  INSERT into reporting.Appointment(AppointID,ClientID,AppointDate) VALUES('61004','5798',to_date('2005-04-06 00:00:00','YYYY-MM-DD HH24:MI:SS'));
  INSERT into reporting.Appointment(AppointID,ClientID,AppointDate) VALUES('61378','5798',to_date('2005-05-20 00:00:00','YYYY-MM-DD HH24:MI:SS'));
  INSERT into reporting.Appointment(AppointID,ClientID,AppointDate) VALUES('61379','5798',to_date('2005-05-27 00:00:00','YYYY-MM-DD HH24:MI:SS'));
  INSERT into reporting.Appointment(AppointID,ClientID,AppointDate) VALUES('65368','5943',to_date('2007-03-16 00:00:00','YYYY-MM-DD HH24:MI:SS'));
  INSERT into reporting.Appointment(AppointID,ClientID,AppointDate) VALUES('69142','5760',to_date('2008-09-19 00:00:00','YYYY-MM-DD HH24:MI:SS'));
  INSERT into reporting.Appointment(AppointID,ClientID,AppointDate) VALUES('69143','5760',to_date('2008-09-26 00:00:00','YYYY-MM-DD HH24:MI:SS'));
  INSERT into reporting.Appointment(AppointID,ClientID,AppointDate) VALUES('69185','5760',to_date('2008-10-03 00:00:00','YYYY-MM-DD HH24:MI:SS'));
  INSERT into reporting.Appointment(AppointID,ClientID,AppointDate) VALUES('69186','5760',to_date('2008-10-17 00:00:00','YYYY-MM-DD HH24:MI:SS'));
  INSERT into reporting.Appointment(AppointID,ClientID,AppointDate) VALUES('69345','5760',to_date('2008-10-31 00:00:00','YYYY-MM-DD HH24:MI:SS'));
  INSERT into reporting.Appointment(AppointID,ClientID,AppointDate) VALUES('6940','321',to_date('2005-05-31 00:00:00','YYYY-MM-DD HH24:MI:SS'));
  INSERT into reporting.Appointment(AppointID,ClientID,AppointDate) VALUES('6941','321',to_date('2005-06-14 00:00:00','YYYY-MM-DD HH24:MI:SS'));
  INSERT into reporting.Appointment(AppointID,ClientID,AppointDate) VALUES('69435','5760',to_date('2008-11-14 00:00:00','YYYY-MM-DD HH24:MI:SS'));
  INSERT into reporting.Appointment(AppointID,ClientID,AppointDate) VALUES('69578','5760',to_date('2008-11-28 00:00:00','YYYY-MM-DD HH24:MI:SS'));
  INSERT into reporting.Appointment(AppointID,ClientID,AppointDate) VALUES('69827','5760',to_date('2008-12-12 00:00:00','YYYY-MM-DD HH24:MI:SS'));
  INSERT into reporting.Appointment(AppointID,ClientID,AppointDate) VALUES('69828','5760',to_date('2009-01-23 00:00:00','YYYY-MM-DD HH24:MI:SS'));
  INSERT into reporting.Appointment(AppointID,ClientID,AppointDate) VALUES('6994','321',to_date('2005-06-28 00:00:00','YYYY-MM-DD HH24:MI:SS'));
  INSERT into reporting.Appointment(AppointID,ClientID,AppointDate) VALUES('70018','5760',to_date('2009-02-06 00:00:00','YYYY-MM-DD HH24:MI:SS'));
  INSERT into reporting.Appointment(AppointID,ClientID,AppointDate) VALUES('70019','5760',to_date('2009-02-06 00:00:00','YYYY-MM-DD HH24:MI:SS'));
  INSERT into reporting.Appointment(AppointID,ClientID,AppointDate) VALUES('70094','5760',to_date('2009-02-20 00:00:00','YYYY-MM-DD HH24:MI:SS'));
  INSERT into reporting.Appointment(AppointID,ClientID,AppointDate) VALUES('70186','5760',to_date('2009-02-10 00:00:00','YYYY-MM-DD HH24:MI:SS'));
  INSERT into reporting.Appointment(AppointID,ClientID,AppointDate) VALUES('70214','5760',to_date('2009-03-06 00:00:00','YYYY-MM-DD HH24:MI:SS'));
  INSERT into reporting.Appointment(AppointID,ClientID,AppointDate) VALUES('70350','5760',to_date('2009-03-20 00:00:00','YYYY-MM-DD HH24:MI:SS'));
  INSERT into reporting.Appointment(AppointID,ClientID,AppointDate) VALUES('70526','5760',to_date('2009-03-27 00:00:00','YYYY-MM-DD HH24:MI:SS'));
  INSERT into reporting.Appointment(AppointID,ClientID,AppointDate) VALUES('70532','5760',to_date('2009-03-27 00:00:00','YYYY-MM-DD HH24:MI:SS'));
  INSERT into reporting.Appointment(AppointID,ClientID,AppointDate) VALUES('70633','5760',to_date('2009-04-08 00:00:00','YYYY-MM-DD HH24:MI:SS'));
  INSERT into reporting.Appointment(AppointID,ClientID,AppointDate) VALUES('70858','5760',to_date('2009-05-05 00:00:00','YYYY-MM-DD HH24:MI:SS'));
  INSERT into reporting.Appointment(AppointID,ClientID,AppointDate) VALUES('70859','5760',to_date('2009-05-12 00:00:00','YYYY-MM-DD HH24:MI:SS'));
  INSERT into reporting.Appointment(AppointID,ClientID,AppointDate) VALUES('70860','5760',to_date('2009-05-26 00:00:00','YYYY-MM-DD HH24:MI:SS'));
  INSERT into reporting.Appointment(AppointID,ClientID,AppointDate) VALUES('70967','5760',to_date('2009-06-02 00:00:00','YYYY-MM-DD HH24:MI:SS'));
  INSERT into reporting.Appointment(AppointID,ClientID,AppointDate) VALUES('71078','5760',to_date('2009-06-09 00:00:00','YYYY-MM-DD HH24:MI:SS'));
  INSERT into reporting.Appointment(AppointID,ClientID,AppointDate) VALUES('71142','5760',to_date('2009-06-25 00:00:00','YYYY-MM-DD HH24:MI:SS'));
  INSERT into reporting.Appointment(AppointID,ClientID,AppointDate) VALUES('71248','5760',to_date('2009-06-30 00:00:00','YYYY-MM-DD HH24:MI:SS'));
  INSERT into reporting.Appointment(AppointID,ClientID,AppointDate) VALUES('71456','5760',to_date('2009-07-17 00:00:00','YYYY-MM-DD HH24:MI:SS'));
  INSERT into reporting.Appointment(AppointID,ClientID,AppointDate) VALUES('7258','321',to_date('2005-08-04 00:00:00','YYYY-MM-DD HH24:MI:SS'));
  INSERT into reporting.Appointment(AppointID,ClientID,AppointDate) VALUES('7259','321',to_date('2005-08-11 00:00:00','YYYY-MM-DD HH24:MI:SS'));
  INSERT into reporting.Appointment(AppointID,ClientID,AppointDate) VALUES('7298','321',to_date('2005-09-01 00:00:00','YYYY-MM-DD HH24:MI:SS'));
  INSERT into reporting.Appointment(AppointID,ClientID,AppointDate) VALUES('7404','321',to_date('2005-09-08 00:00:00','YYYY-MM-DD HH24:MI:SS'));
  INSERT into reporting.Appointment(AppointID,ClientID,AppointDate) VALUES('7426','321',to_date('2005-09-15 00:00:00','YYYY-MM-DD HH24:MI:SS'));
  INSERT into reporting.Appointment(AppointID,ClientID,AppointDate) VALUES('7427','321',to_date('2005-09-22 00:00:00','YYYY-MM-DD HH24:MI:SS'));
  INSERT into reporting.Appointment(AppointID,ClientID,AppointDate) VALUES('7502','321',to_date('2005-09-29 00:00:00','YYYY-MM-DD HH24:MI:SS'));
  INSERT into reporting.Appointment(AppointID,ClientID,AppointDate) VALUES('890','1385',to_date('2000-04-26 00:00:00','YYYY-MM-DD HH24:MI:SS'));
  commit;
